merchantId,ownerName,ownerAge,gender,educationLevel,yearsInBusiness,employeeCount,monthlyRevenue,previousBankingExperience,mobileBankingUser,preferredLanguage,operatingHours,businessRegistered,taxCompliant,hasSmartphone,internetAccessFrequency
M0001,Kevin Barasa,45,Female,University,4,5,131776,Yes,Yes,English,8am-6pm,No,No,Yes,Daily
M0002,Amina Simiyu,57,Female,University,12,6,171922,No,No,English,6am-9pm,Yes,Yes,Yes,Monthly
M0003,Lucy Njoki,25,Female,Secondary,3,2,22461,No,Yes,Swahili,9am-9pm,No,No,Yes,Weekly
M0004,Ann Jepkosgei,64,Female,Secondary,20,6,196411,No,No,Swahili,9am-6pm,No,No,Yes,Weekly
M0005,Fredrick Njoki,30,Male,Secondary,10,20,677072,Yes,Yes,Swahili,9am-9pm,Yes,Yes,Yes,Weekly
M0006,Ali Wanjiru,27,Male,Secondary,1,5,139681,Yes,No,Swahili,8am-7pm,Yes,Yes,Yes,Monthly
M0007,John Wairimu,24,Female,Primary,5,6,56356,Yes,No,English,9am-8pm,No,No,No,Daily
M0008,Joseph Wanjiru,55,Female,Secondary,27,19,331602,Yes,Yes,English,8am-6pm,Yes,No,Yes,Weekly
M0009,Ruth Gitau,29,Male,University,7,3,24431,No,Yes,English,10am-8pm,Yes,Yes,Yes,Daily
M0010,Richard Limo,49,Male,University,18,3,104210,Yes,Yes,Swahili,8am-6pm,No,No,Yes,Rarely
M0011,John Wanjiku,57,Female,University,7,3,190522,Yes,No,Swahili,8am-7pm,Yes,Yes,No,Daily
M0012,Nancy Adhiambo,58,Male,Secondary,29,7,198736,Yes,Yes,English,9am-8pm,No,No,Yes,Daily
M0013,Zipporah Ngetich,29,Female,University,6,2,86996,Yes,No,Swahili,7am-10pm,No,No,No,Weekly
M0014,Philip Chepkemoi,23,Male,Secondary,4,2,34491,Yes,Yes,English,6am-9pm,Yes,Yes,Yes,Rarely
M0015,Sylvia Auma,61,Male,University,23,2,30659,Yes,Yes,English,8am-7pm,No,No,Yes,Daily
M0016,Rose Kipchoge,50,Male,University,6,3,118280,Yes,No,Swahili,10am-10pm,No,No,No,Daily
M0017,Mary Chesang,45,Female,Primary,10,1,51592,No,No,English,10am-9pm,Yes,Yes,Yes,Daily
M0018,Brian Akinyi,55,Female,Primary,7,5,179755,Yes,Yes,Swahili,9am-7pm,No,No,Yes,Daily
M0019,Kevin Langat,65,Male,Secondary,1,5,53398,Yes,Yes,Swahili,8am-5pm,No,No,Yes,Monthly
M0020,Lawrence Rotich,62,Female,Primary,21,2,25276,No,Yes,Swahili,7am-10pm,Yes,No,Yes,Daily
M0021,Rebecca Nyambura,35,Female,Primary,14,23,797852,Yes,Yes,Swahili,6am-10pm,Yes,No,Yes,Daily
M0022,Gloria Mwangi,36,Male,University,12,1,34769,No,No,Swahili,7am-5pm,Yes,Yes,No,Rarely
M0023,Margaret Wanjiru,52,Female,University,21,7,146957,Yes,Yes,English,10am-7pm,No,No,Yes,Weekly
M0024,Isaac Owino,53,Male,Secondary,24,4,185666,Yes,Yes,Swahili,10am-7pm,No,No,Yes,Weekly
M0025,Julius Wekesa,52,Male,University,10,3,164286,No,No,English,5am-5pm,Yes,Yes,No,Daily
M0026,Isaac Njoroge,54,Male,Primary,6,2,27026,No,Yes,English,7am-9pm,No,No,Yes,Daily
M0027,Sarah Korir,28,Male,Secondary,5,6,196815,Yes,Yes,Swahili,10am-10pm,No,No,Yes,Daily
M0028,Patrick Wambui,64,Male,University,27,15,227696,Yes,Yes,Swahili,6am-9pm,Yes,Yes,Yes,Daily
M0029,Tabitha Korir,60,Male,University,21,5,56659,Yes,Yes,English,7am-7pm,Yes,Yes,Yes,Daily
M0030,John Jepkosgei,65,Female,University,21,6,141670,Yes,Yes,Swahili,5am-7pm,Yes,Yes,Yes,Weekly
M0031,Kezia Kamau,23,Male,University,3,4,50414,Yes,Yes,English,10am-5pm,No,No,Yes,Daily
M0032,Olivia Mutai,25,Female,Secondary,2,2,48169,Yes,Yes,Swahili,6am-8pm,Yes,Yes,Yes,Weekly
M0033,Grace Bett,51,Male,Secondary,5,1,34162,No,No,English,9am-6pm,Yes,Yes,Yes,Daily
M0034,Isaac Kamau,61,Female,Primary,4,2,54960,No,No,Swahili,6am-6pm,Yes,Yes,Yes,Daily
M0035,James Ngetich,31,Male,Primary,5,8,147071,Yes,Yes,Swahili,9am-5pm,Yes,Yes,Yes,Daily
M0036,Samuel Kariuki,58,Female,University,5,5,181955,Yes,No,English,8am-6pm,Yes,Yes,No,Daily
M0037,Priscilla Simiyu,37,Female,University,3,3,22506,No,No,Swahili,7am-6pm,Yes,No,Yes,Weekly
M0038,Lilian Maina,62,Female,University,23,1,29385,Yes,Yes,Swahili,7am-8pm,Yes,No,Yes,Monthly
M0039,Patrick Kigen,42,Male,University,2,7,101057,Yes,Yes,Swahili,7am-7pm,No,No,Yes,Daily
M0040,Ali Owino,61,Female,Secondary,15,8,82715,Yes,Yes,English,7am-6pm,No,No,Yes,Monthly
M0041,Patrick Koech,51,Female,Secondary,23,15,727756,Yes,No,English,6am-10pm,Yes,Yes,Yes,Weekly
M0042,Yvonne Omondi,46,Male,University,15,3,171759,Yes,No,Swahili,7am-10pm,Yes,No,Yes,Daily
M0043,Dominic Auma,48,Female,University,25,5,169030,Yes,Yes,Swahili,5am-6pm,No,No,Yes,Daily
M0044,Robert Langat,63,Female,Secondary,2,5,86546,Yes,Yes,English,7am-7pm,No,No,Yes,Daily
M0045,Peter Mutai,38,Female,Secondary,10,5,192394,Yes,Yes,Swahili,8am-6pm,No,No,Yes,Weekly
M0046,Victor Too,46,Male,Secondary,14,5,126043,Yes,Yes,Swahili,8am-7pm,Yes,Yes,Yes,Weekly
M0047,Nancy Kariuki,64,Male,Secondary,11,4,145340,Yes,Yes,Swahili,9am-10pm,No,No,Yes,Weekly
M0048,Margaret Koech,27,Male,Secondary,1,2,33446,No,Yes,Swahili,8am-8pm,Yes,No,Yes,Weekly
M0049,Zipporah Too,33,Female,Secondary,1,2,159342,No,Yes,Swahili,6am-8pm,Yes,Yes,Yes,Daily
M0050,Boniface Wambui,27,Female,Primary,8,3,154527,Yes,Yes,Swahili,7am-8pm,No,No,Yes,Weekly
M0051,Stephen Maina,41,Male,University,17,18,396896,Yes,Yes,Swahili,6am-9pm,Yes,No,Yes,Daily
M0052,Yvonne Kariuki,50,Female,Primary,16,1,27988,No,Yes,Swahili,7am-8pm,No,No,Yes,Daily
M0053,Samuel Bett,55,Female,Secondary,5,21,468323,Yes,No,Swahili,6am-9pm,Yes,Yes,Yes,Rarely
M0054,Philip Chesang,47,Female,University,24,6,190628,No,No,English,6am-5pm,No,No,Yes,Daily
M0055,Hassan Simiyu,23,Male,Primary,1,6,176026,Yes,Yes,Swahili,9am-5pm,Yes,No,Yes,Daily
M0056,Violet Kipchoge,28,Female,University,4,1,47178,Yes,No,Swahili,6am-5pm,Yes,Yes,No,Daily
M0057,Olivia Rotich,30,Female,University,3,7,69629,No,No,Swahili,10am-7pm,Yes,Yes,Yes,Daily
M0058,Charity Owino,58,Male,Secondary,24,5,130406,Yes,Yes,Swahili,7am-9pm,Yes,No,Yes,Daily
M0059,Walter Auma,51,Male,University,7,2,32937,Yes,Yes,Swahili,5am-8pm,Yes,No,Yes,Daily
M0060,Esther Langat,35,Male,Primary,6,5,130652,No,Yes,English,8am-5pm,No,No,Yes,Monthly
M0061,Gloria Onyango,42,Male,Secondary,3,6,181523,Yes,Yes,Swahili,5am-6pm,Yes,Yes,Yes,Weekly
M0062,Catherine Kibet,57,Female,Secondary,24,6,61300,No,Yes,Swahili,7am-7pm,No,No,Yes,Daily
M0063,Philip Wanjala,26,Male,Primary,6,5,69326,Yes,Yes,Swahili,6am-6pm,No,No,Yes,Daily
M0064,Samuel Sang,58,Male,Secondary,25,20,237113,No,No,Swahili,8am-7pm,Yes,Yes,Yes,Daily
M0065,Ann Kibet,30,Male,University,11,7,137397,Yes,Yes,English,9am-7pm,Yes,Yes,Yes,Rarely
M0066,Hellen Kigen,64,Female,Secondary,21,2,41374,Yes,No,Swahili,6am-7pm,No,No,Yes,Daily
M0067,Brian Jepkosgei,25,Female,University,4,17,726971,Yes,Yes,Swahili,9am-6pm,Yes,Yes,Yes,Daily
M0068,Paul Wambui,25,Female,Secondary,3,1,50714,No,Yes,Swahili,5am-7pm,No,No,Yes,Daily
M0069,Philip Rotich,58,Female,University,22,7,88452,Yes,No,Swahili,6am-8pm,No,No,Yes,Rarely
M0070,Rebecca Rotich,31,Male,University,2,7,50856,Yes,No,Swahili,8am-10pm,No,No,No,Weekly
M0071,Jane Too,25,Female,Secondary,4,5,141125,Yes,Yes,English,9am-5pm,No,No,Yes,Daily
M0072,Joseph Kiptoo,55,Female,Secondary,18,2,49285,No,Yes,Swahili,5am-5pm,Yes,No,Yes,Weekly
M0073,Patrick Abdullahi,42,Female,University,18,5,167082,Yes,Yes,English,6am-9pm,Yes,Yes,Yes,Monthly
M0074,Eunice Mwangi,46,Female,Secondary,9,7,63313,No,No,English,8am-7pm,Yes,No,No,Daily
M0075,Winnie Kamau,50,Male,University,27,7,122543,Yes,Yes,English,10am-6pm,No,No,Yes,Weekly
M0076,George Kimani,35,Male,Primary,10,3,52322,No,Yes,Swahili,6am-9pm,Yes,No,Yes,Daily
M0077,Sylvia Korir,47,Male,Primary,14,10,430024,Yes,Yes,Swahili,7am-7pm,Yes,No,Yes,Rarely
M0078,Charity Mwangi,54,Male,Secondary,19,7,50285,Yes,Yes,English,5am-8pm,Yes,No,Yes,Daily
M0079,Boniface Owino,44,Female,University,16,5,72466,Yes,No,Swahili,7am-6pm,Yes,Yes,No,Weekly
M0080,Moses Bett,29,Female,Secondary,3,1,31549,Yes,Yes,Swahili,10am-10pm,No,No,Yes,Daily
M0081,Samuel Wanjiru,26,Male,University,4,3,36809,Yes,No,Swahili,9am-8pm,Yes,Yes,Yes,Monthly
M0082,Yvonne Mohamed,42,Male,Secondary,15,2,41937,No,Yes,Swahili,8am-7pm,No,No,No,Monthly
M0083,George Ngetich,45,Female,Secondary,10,11,541219,Yes,Yes,English,6am-7pm,Yes,Yes,Yes,Monthly
M0084,Samuel Mutua,29,Female,University,11,7,151487,Yes,Yes,Swahili,8am-8pm,Yes,Yes,Yes,Monthly
M0085,Oscar Gitau,58,Female,Secondary,7,2,33218,Yes,Yes,Swahili,9am-7pm,Yes,Yes,Yes,Daily
M0086,Thomas Adhiambo,23,Male,Secondary,2,2,15972,Yes,Yes,Swahili,8am-7pm,Yes,Yes,Yes,Monthly
M0087,Yvonne Wanjiru,42,Female,Primary,7,3,110716,Yes,Yes,English,9am-6pm,Yes,Yes,Yes,Weekly
M0088,Grace Wanjala,48,Male,Secondary,13,2,18072,Yes,Yes,Swahili,6am-5pm,No,No,Yes,Weekly
M0089,Patrick Mohamed,33,Male,University,4,2,21954,Yes,No,English,9am-10pm,No,No,Yes,Daily
M0090,Sarah Abdullahi,27,Female,Secondary,5,17,543845,Yes,Yes,Swahili,5am-8pm,Yes,Yes,Yes,Weekly
M0091,Ali Wanjiru,25,Male,University,4,7,76662,Yes,Yes,Swahili,10am-5pm,Yes,Yes,Yes,Daily
M0092,Jacinta Langat,45,Female,Secondary,16,7,95036,Yes,Yes,Swahili,5am-7pm,No,No,Yes,Weekly
M0093,Violet Ngetich,25,Female,Secondary,6,2,34495,No,Yes,Swahili,10am-7pm,No,No,Yes,Daily
M0094,Yusuf Chepkemoi,38,Male,University,15,4,125146,Yes,Yes,Swahili,7am-7pm,Yes,Yes,Yes,Weekly
M0095,Moses Mutai,50,Female,Secondary,9,4,124170,Yes,Yes,Swahili,8am-9pm,No,No,Yes,Daily
M0096,Edith Adhiambo,44,Female,Primary,2,3,60794,Yes,Yes,Swahili,7am-7pm,Yes,Yes,No,Weekly
M0097,Felix Kipchoge,44,Female,Secondary,8,2,52921,No,Yes,Swahili,8am-8pm,Yes,Yes,No,Rarely
M0098,Francis Abdullahi,22,Female,University,2,4,140715,Yes,No,English,9am-8pm,No,No,No,Daily
M0099,Zipporah Njoroge,29,Male,University,5,3,27533,Yes,No,Swahili,9am-8pm,No,No,Yes,Daily
M0100,Sarah Wekesa,27,Male,Secondary,4,3,50133,No,Yes,English,8am-9pm,Yes,Yes,Yes,Weekly
M0101,Catherine Simiyu,25,Male,Secondary,7,11,619709,Yes,Yes,Swahili,10am-5pm,Yes,Yes,Yes,Weekly
M0102,Mary Akinyi,32,Female,Primary,7,2,47867,No,Yes,Swahili,9am-8pm,No,No,Yes,Monthly
M0103,Jacinta Chebet,25,Female,Primary,5,4,69923,No,Yes,Swahili,7am-10pm,No,No,Yes,Daily
M0104,Grace Wanjala,44,Male,University,8,3,38037,No,Yes,Swahili,5am-6pm,No,No,Yes,Daily
M0105,Peter Simiyu,64,Male,University,12,15,620065,No,No,English,6am-6pm,Yes,No,Yes,Daily
M0106,Kezia Chesang,57,Male,Secondary,3,3,74452,No,No,Swahili,10am-9pm,No,No,Yes,Monthly
M0107,Eunice Limo,40,Male,University,14,7,155433,Yes,No,English,7am-10pm,No,No,Yes,Daily
M0108,Mary Wanjiku,34,Male,Primary,14,7,115391,Yes,Yes,Swahili,8am-7pm,Yes,No,Yes,Weekly
M0109,Yvonne Adhiambo,28,Male,Primary,5,3,35240,No,No,Swahili,6am-6pm,Yes,Yes,Yes,Monthly
M0110,Gloria Wekesa,22,Female,Primary,1,1,26217,No,Yes,Swahili,6am-8pm,Yes,Yes,Yes,Weekly
M0111,Kezia Njoki,39,Female,University,11,2,32145,Yes,Yes,English,5am-8pm,Yes,Yes,Yes,Daily
M0112,Yusuf Owino,35,Female,Primary,3,2,53200,No,No,Swahili,8am-6pm,No,No,No,Rarely
M0113,Njeri Akinyi,32,Male,University,14,1,17541,No,No,Swahili,8am-5pm,Yes,No,Yes,Daily
M0114,Simon Sang,60,Male,University,21,2,46053,No,Yes,Swahili,9am-8pm,Yes,Yes,Yes,Daily
M0115,Lilian Maina,37,Female,University,15,3,39282,No,Yes,Swahili,7am-6pm,No,No,Yes,Daily
M0116,Robert Simiyu,61,Male,Secondary,8,19,704133,Yes,Yes,English,5am-8pm,Yes,Yes,Yes,Weekly
M0117,Hellen Nyaga,54,Female,Primary,13,2,17805,No,No,Swahili,8am-8pm,No,No,Yes,Weekly
M0118,John Mwangi,55,Male,University,14,5,168349,Yes,Yes,English,7am-5pm,Yes,Yes,Yes,Monthly
M0119,Catherine Abdullahi,53,Female,Primary,12,7,152003,Yes,No,English,9am-6pm,No,No,No,Weekly
M0120,Yvonne Limo,22,Male,Secondary,1,1,44663,No,Yes,Swahili,6am-10pm,Yes,Yes,Yes,Monthly
M0121,Ruth Chesang,30,Female,University,2,6,132206,Yes,Yes,English,8am-9pm,Yes,Yes,Yes,Daily
M0122,Esther Muthoni,51,Male,University,19,10,297747,Yes,Yes,Swahili,6am-7pm,Yes,Yes,Yes,Monthly
M0123,Nancy Wairimu,48,Male,Primary,28,8,601692,Yes,Yes,English,9am-7pm,Yes,No,Yes,Rarely
M0124,Richard Kigen,51,Female,Secondary,5,2,41990,No,No,English,9am-8pm,No,No,Yes,Daily
M0125,Daniel Omondi,43,Male,Secondary,14,6,523825,Yes,No,Swahili,8am-6pm,Yes,Yes,Yes,Monthly
M0126,Violet Kimani,63,Female,University,25,24,449058,Yes,Yes,Swahili,10am-7pm,Yes,No,Yes,Monthly
M0127,Joseph Kipchoge,29,Male,University,10,6,53986,Yes,Yes,English,5am-6pm,No,No,Yes,Daily
M0128,Brian Wanjala,59,Female,University,7,7,163143,Yes,Yes,English,8am-9pm,Yes,No,Yes,Daily
M0129,Irene Adhiambo,62,Male,University,5,3,49101,Yes,No,English,5am-7pm,Yes,Yes,Yes,Daily
M0130,Fredrick Chesang,43,Male,Secondary,2,3,128433,Yes,Yes,Swahili,7am-9pm,Yes,No,Yes,Weekly
M0131,Hellen Njoki,59,Male,Primary,27,2,35752,Yes,Yes,English,8am-10pm,Yes,Yes,Yes,Weekly
M0132,Nancy Too,27,Female,Secondary,8,7,152263,Yes,Yes,Swahili,6am-10pm,Yes,Yes,Yes,Weekly
M0133,Hellen Simiyu,37,Male,Primary,5,4,143915,Yes,No,English,6am-9pm,Yes,Yes,Yes,Daily
M0134,Joseph Kariuki,26,Male,Secondary,5,10,403722,Yes,Yes,Swahili,8am-8pm,Yes,Yes,Yes,Weekly
M0135,Nathan Bett,60,Male,University,26,8,69789,Yes,Yes,English,7am-6pm,Yes,No,Yes,Rarely
M0136,Oscar Wanjiku,25,Male,Primary,1,5,173552,No,Yes,Swahili,9am-7pm,No,No,Yes,Monthly
M0137,Mary Bett,42,Male,Secondary,16,2,22322,No,Yes,Swahili,6am-9pm,No,No,Yes,Monthly
M0138,Yvonne Kimani,57,Female,Secondary,17,7,50931,No,No,Swahili,9am-9pm,Yes,No,No,Weekly
M0139,Rose Jepkosgei,65,Male,Secondary,8,1,26308,Yes,Yes,Swahili,10am-6pm,Yes,Yes,Yes,Daily
M0140,Irene Kipchoge,52,Female,Secondary,3,2,36498,No,Yes,Swahili,6am-7pm,Yes,No,Yes,Weekly
M0141,Fredrick Kamau,33,Female,University,8,2,52160,Yes,Yes,Swahili,9am-6pm,Yes,Yes,Yes,Monthly
M0142,Peter Nyaga,63,Female,Secondary,22,7,117156,Yes,Yes,Swahili,8am-5pm,Yes,Yes,Yes,Monthly
M0143,Robert Maina,58,Male,Secondary,12,7,181968,Yes,No,Swahili,9am-7pm,No,No,Yes,Daily
M0144,Ruth Chebet,33,Female,University,14,5,132394,Yes,Yes,Swahili,6am-8pm,Yes,Yes,Yes,Daily
M0145,Kezia Kigen,29,Female,Secondary,2,6,57387,Yes,Yes,English,5am-9pm,No,No,Yes,Daily
M0146,Martin Kiptoo,62,Female,Primary,21,6,85954,Yes,No,Swahili,7am-9pm,No,No,No,Daily
M0147,John Langat,63,Male,Secondary,6,22,790036,No,Yes,Swahili,10am-8pm,Yes,No,Yes,Daily
M0148,Hellen Nyambura,62,Female,Secondary,23,2,128945,Yes,Yes,Swahili,6am-10pm,Yes,Yes,Yes,Daily
M0149,David Omondi,31,Male,Secondary,9,2,27307,Yes,No,Swahili,8am-10pm,Yes,Yes,Yes,Monthly
M0150,Zachary Otieno,58,Male,University,12,10,333629,No,No,Swahili,9am-8pm,Yes,Yes,Yes,Daily
M0151,Martin Too,47,Male,Primary,12,2,41198,No,Yes,Swahili,6am-6pm,Yes,Yes,Yes,Daily
M0152,Martin Limo,42,Female,University,21,5,64183,Yes,Yes,Swahili,5am-7pm,Yes,No,Yes,Daily
M0153,Peter Auma,28,Male,Secondary,3,3,35329,No,No,Swahili,9am-5pm,No,No,No,Weekly
M0154,Kevin Kimani,65,Female,Secondary,27,3,81222,Yes,Yes,English,7am-8pm,No,No,Yes,Daily
M0155,Ali Langat,53,Male,Secondary,21,19,522004,Yes,Yes,English,8am-5pm,Yes,Yes,Yes,Weekly
M0156,Simon Langat,62,Male,Secondary,19,7,90568,Yes,No,Swahili,6am-7pm,No,No,No,Daily
M0157,Paul Mohamed,57,Male,University,22,4,50380,No,Yes,Swahili,10am-8pm,Yes,Yes,No,Daily
M0158,Kezia Too,65,Female,Secondary,13,4,117372,No,No,Swahili,6am-8pm,No,No,No,Daily
M0159,Priscilla Korir,28,Male,Primary,4,4,117977,Yes,Yes,Swahili,9am-6pm,Yes,Yes,Yes,Daily
M0160,James Chesang,38,Female,University,8,2,47209,Yes,Yes,Swahili,9am-6pm,Yes,Yes,Yes,Daily
M0161,Ali Njoki,61,Female,University,23,6,601370,Yes,Yes,Swahili,7am-8pm,Yes,Yes,Yes,Daily
M0162,Lucy Jepkosgei,52,Male,Primary,17,21,439383,No,Yes,English,10am-6pm,Yes,Yes,Yes,Daily
M0163,Dominic Otieno,34,Male,Secondary,5,5,88056,No,Yes,English,7am-9pm,No,No,Yes,Weekly
M0164,John Chepkemoi,37,Female,Secondary,1,6,148416,No,Yes,English,8am-9pm,Yes,No,Yes,Weekly
M0165,Nathan Omondi,29,Male,University,3,5,432036,Yes,Yes,Swahili,8am-5pm,Yes,No,Yes,Daily
M0166,Martin Jepkosgei,38,Male,University,4,7,78764,Yes,Yes,Swahili,9am-7pm,Yes,No,Yes,Weekly
M0167,Grace Mutai,53,Female,University,29,4,130722,Yes,Yes,English,8am-5pm,Yes,Yes,Yes,Daily
M0168,Martin Ruto,28,Female,University,8,3,93363,Yes,No,Swahili,5am-5pm,No,No,Yes,Daily
M0169,Edith Chebet,37,Female,Primary,8,3,42516,Yes,No,Swahili,6am-7pm,Yes,No,Yes,Daily
M0170,Peter Mutai,37,Male,Secondary,7,9,249461,Yes,Yes,English,9am-9pm,Yes,Yes,Yes,Monthly
M0171,Catherine Kipchoge,38,Male,Secondary,17,3,176640,Yes,Yes,Swahili,8am-6pm,No,No,Yes,Weekly
M0172,Jane Simiyu,58,Female,Secondary,24,7,84202,Yes,No,English,8am-9pm,No,No,No,Daily
M0173,Gloria Kibet,25,Male,Secondary,4,20,575303,Yes,Yes,English,9am-6pm,Yes,No,Yes,Weekly
M0174,Felix Onyango,41,Female,University,18,3,106351,Yes,Yes,Swahili,6am-9pm,No,No,Yes,Daily
M0175,Rose Omondi,42,Female,Secondary,21,8,786483,Yes,Yes,Swahili,8am-8pm,Yes,Yes,Yes,Rarely
M0176,Margaret Wangari,52,Female,University,11,3,171625,Yes,Yes,English,9am-10pm,No,No,Yes,Daily
M0177,Oscar Nyambura,61,Male,Secondary,20,4,104220,Yes,Yes,English,8am-5pm,Yes,No,Yes,Daily
M0178,Ann Simiyu,42,Female,University,10,2,35139,No,No,English,10am-7pm,Yes,Yes,Yes,Weekly
M0179,Thomas Ruto,42,Female,University,1,3,116413,Yes,Yes,English,6am-9pm,Yes,Yes,Yes,Daily
M0180,David Maina,25,Female,Primary,5,6,130087,Yes,No,Swahili,7am-9pm,No,No,No,Weekly
M0181,Hellen Maina,48,Male,Secondary,2,2,26410,No,No,Swahili,7am-5pm,No,No,No,Daily
M0182,Isaac Onyango,33,Male,University,9,8,187460,Yes,Yes,Swahili,10am-8pm,No,No,Yes,Weekly
M0183,Isaac Akinyi,47,Female,Secondary,19,6,356671,Yes,Yes,Swahili,7am-5pm,Yes,Yes,Yes,Rarely
M0184,Ruth Too,50,Female,Secondary,23,6,62375,Yes,Yes,Swahili,6am-9pm,Yes,Yes,Yes,Weekly
M0185,Paul Wanjala,65,Male,University,10,19,368529,Yes,Yes,English,6am-9pm,Yes,No,Yes,Daily
M0186,Thomas Omondi,62,Male,Secondary,22,19,467392,Yes,Yes,English,6am-7pm,Yes,Yes,Yes,Weekly
M0187,Zipporah Bett,46,Male,Primary,26,4,122056,Yes,Yes,Swahili,6am-9pm,No,No,Yes,Weekly
M0188,Hellen Nyaga,65,Male,Secondary,2,14,767169,Yes,Yes,Swahili,6am-7pm,Yes,No,Yes,Daily
M0189,Isaac Kiptoo,35,Male,Secondary,11,13,695176,Yes,Yes,Swahili,9am-8pm,Yes,Yes,Yes,Daily
M0190,Rebecca Adhiambo,58,Male,Primary,9,2,176967,Yes,Yes,Swahili,6am-10pm,Yes,No,Yes,Weekly
M0191,Hellen Wekesa,51,Male,University,13,2,48956,Yes,Yes,Swahili,9am-6pm,No,No,Yes,Rarely
M0192,Edith Koskei,36,Female,University,14,23,254365,Yes,Yes,Swahili,7am-10pm,Yes,Yes,Yes,Daily
M0193,Patrick Mohamed,55,Male,Secondary,7,8,162711,No,No,English,10am-7pm,Yes,No,Yes,Rarely
M0194,Richard Koskei,26,Male,Secondary,7,6,78671,Yes,No,Swahili,5am-9pm,Yes,No,No,Weekly
M0195,Nathan Chebet,62,Male,Secondary,12,6,692235,Yes,Yes,Swahili,8am-7pm,Yes,No,Yes,Daily
M0196,Peter Kipchoge,48,Male,Secondary,23,6,182164,Yes,Yes,Swahili,9am-6pm,Yes,Yes,Yes,Daily
M0197,Rebecca Maina,65,Male,Secondary,4,4,84323,Yes,Yes,Swahili,9am-7pm,No,No,Yes,Daily
M0198,Njeri Gitau,35,Male,Primary,12,2,41469,Yes,No,Swahili,9am-8pm,No,No,Yes,Weekly
M0199,Miriam Auma,58,Female,Secondary,18,5,110414,Yes,No,Swahili,6am-10pm,Yes,No,No,Daily
M0200,Michael Rotich,58,Female,University,15,3,34006,Yes,Yes,English,8am-10pm,Yes,Yes,Yes,Daily
M0201,Ruth Wanjiru,57,Male,University,3,3,41135,No,No,Swahili,9am-8pm,Yes,No,Yes,Rarely
M0202,Stephen Barasa,34,Male,Secondary,3,7,82540,Yes,Yes,English,10am-6pm,No,No,Yes,Daily
M0203,Olivia Mutai,31,Female,Secondary,13,2,52345,No,Yes,Swahili,7am-10pm,Yes,Yes,Yes,Daily
M0204,Nathan Onyango,42,Female,Primary,18,1,21425,Yes,Yes,Swahili,6am-6pm,Yes,Yes,Yes,Weekly
M0205,Njeri Kibet,47,Male,Primary,5,6,167261,Yes,No,English,9am-7pm,No,No,No,Daily
M0206,Simon Mohamed,41,Male,University,5,1,54457,No,No,Swahili,6am-6pm,Yes,No,No,Monthly
M0207,James Onyango,54,Female,Primary,17,5,132326,Yes,Yes,Swahili,7am-10pm,No,No,No,Weekly
M0208,Henry Koskei,41,Female,University,2,8,101366,Yes,No,Swahili,9am-10pm,No,No,No,Weekly
M0209,Lawrence Mwangi,61,Female,Primary,8,6,134505,Yes,Yes,Swahili,10am-6pm,Yes,Yes,No,Weekly
M0210,Moses Kipchoge,40,Female,University,17,5,105063,Yes,Yes,English,8am-6pm,No,No,Yes,Daily
M0211,Patrick Chesang,27,Female,Primary,7,3,23357,No,Yes,English,7am-9pm,No,No,Yes,Monthly
M0212,Jane Akinyi,44,Female,Secondary,6,6,120783,Yes,Yes,Swahili,6am-7pm,No,No,Yes,Daily
M0213,Margaret Barasa,49,Male,Secondary,9,3,51181,No,No,Swahili,10am-7pm,Yes,Yes,Yes,Weekly
M0214,Irene Akinyi,62,Male,University,19,10,448694,Yes,Yes,Swahili,7am-9pm,Yes,No,Yes,Daily
M0215,Jacinta Wanjala,36,Male,University,16,6,198624,No,No,Swahili,10am-8pm,Yes,No,Yes,Daily
M0216,Ruth Chepkemoi,32,Female,Secondary,10,2,175201,Yes,Yes,Swahili,7am-9pm,Yes,No,Yes,Daily
M0217,Fredrick Kigen,47,Female,Secondary,17,3,46724,Yes,Yes,English,7am-10pm,Yes,Yes,No,Daily
M0218,Walter Korir,44,Male,University,10,12,433670,Yes,No,Swahili,8am-7pm,Yes,Yes,No,Daily
M0219,Eunice Wairimu,53,Female,University,20,6,152629,Yes,No,English,7am-6pm,No,No,No,Monthly
M0220,Edith Kimani,32,Female,Secondary,11,10,274922,Yes,Yes,English,7am-7pm,Yes,Yes,Yes,Monthly
M0221,Yusuf Wekesa,38,Male,Secondary,18,2,172319,Yes,Yes,Swahili,6am-6pm,Yes,Yes,Yes,Daily
M0222,Kezia Wairimu,33,Male,University,12,3,51115,Yes,Yes,Swahili,6am-7pm,Yes,Yes,Yes,Monthly
M0223,Olivia Koskei,27,Male,Primary,9,4,83976,No,No,English,10am-8pm,No,No,Yes,Daily
M0224,Fredrick Gitau,45,Male,University,11,5,79147,No,Yes,Swahili,10am-8pm,No,No,Yes,Daily
M0225,Jacinta Wairimu,30,Female,Secondary,10,6,111204,Yes,Yes,English,7am-5pm,No,No,Yes,Daily
M0226,Henry Wekesa,61,Male,Secondary,13,7,59851,Yes,Yes,Swahili,7am-10pm,No,No,Yes,Daily
M0227,Olivia Mohamed,39,Male,Primary,14,3,25944,No,No,English,8am-7pm,No,No,No,Daily
M0228,Margaret Kariuki,26,Male,Secondary,2,3,184911,Yes,Yes,Swahili,7am-8pm,No,No,Yes,Daily
M0229,Catherine Kiptoo,23,Male,Secondary,1,5,52442,Yes,No,Swahili,5am-10pm,Yes,No,Yes,Monthly
M0230,Amina Koech,45,Female,Primary,3,5,142421,Yes,Yes,English,9am-8pm,Yes,Yes,Yes,Weekly
M0231,Hassan Nyaga,40,Female,Primary,22,4,81913,Yes,Yes,Swahili,7am-9pm,Yes,No,Yes,Rarely
M0232,John Limo,44,Female,Primary,23,1,27959,Yes,Yes,Swahili,7am-6pm,Yes,Yes,Yes,Daily
M0233,Isaac Koech,57,Male,University,16,2,25616,No,Yes,English,9am-5pm,Yes,Yes,Yes,Weekly
M0234,Miriam Muthoni,61,Male,Primary,5,2,44120,Yes,Yes,Swahili,7am-6pm,No,No,Yes,Weekly
M0235,Patrick Barasa,45,Female,University,10,1,48050,Yes,No,English,6am-5pm,No,No,Yes,Weekly
M0236,Violet Onyango,56,Female,Secondary,20,2,39869,No,Yes,Swahili,5am-7pm,No,No,Yes,Daily
M0237,Paul Nyambura,29,Male,University,7,2,23143,No,Yes,Swahili,8am-10pm,No,No,Yes,Monthly
M0238,Margaret Chebet,57,Female,University,17,7,74168,Yes,No,English,5am-9pm,No,No,No,Weekly
M0239,Caroline Too,22,Male,Primary,2,6,93571,Yes,Yes,English,8am-6pm,Yes,Yes,Yes,Monthly
M0240,Richard Mohamed,24,Female,Primary,2,22,226821,Yes,Yes,Swahili,6am-8pm,Yes,Yes,Yes,Daily
M0241,Boniface Limo,47,Female,Secondary,4,18,265009,Yes,Yes,Swahili,7am-6pm,Yes,Yes,Yes,Daily
M0242,Nancy Barasa,23,Female,Secondary,4,17,619103,Yes,Yes,Swahili,6am-8pm,Yes,No,Yes,Daily
M0243,Yvonne Maina,40,Male,Secondary,15,2,24468,No,Yes,English,7am-7pm,Yes,Yes,Yes,Weekly
M0244,Elizabeth Mohamed,53,Male,Primary,9,6,141232,Yes,Yes,Swahili,8am-9pm,No,No,Yes,Rarely
M0245,Hellen Ngetich,39,Female,University,18,2,50789,No,Yes,Swahili,6am-7pm,No,No,No,Daily
M0246,Priscilla Mohamed,48,Male,Secondary,23,19,767650,Yes,No,Swahili,8am-10pm,Yes,Yes,Yes,Daily
M0247,Jacinta Akinyi,43,Female,University,14,1,32809,Yes,Yes,English,5am-9pm,Yes,Yes,Yes,Rarely
M0248,Daniel Mutai,24,Male,Primary,5,2,22894,Yes,No,English,7am-10pm,Yes,Yes,No,Daily
M0249,Eunice Kiptoo,58,Male,University,2,2,54045,Yes,Yes,Swahili,8am-9pm,No,No,Yes,Daily
M0250,Miriam Barasa,46,Female,Secondary,12,5,177616,Yes,Yes,Swahili,6am-9pm,No,No,Yes,Daily
M0251,Rose Kibet,26,Female,University,5,3,134346,No,Yes,Swahili,8am-8pm,No,No,Yes,Monthly
M0252,Jacinta Gitau,25,Female,University,2,3,34853,Yes,Yes,English,7am-10pm,Yes,Yes,Yes,Daily
M0253,Simon Njoroge,35,Male,University,7,1,43993,Yes,Yes,Swahili,7am-6pm,Yes,Yes,Yes,Daily
M0254,Fredrick Chesang,62,Male,University,8,3,40332,Yes,Yes,English,7am-5pm,Yes,Yes,Yes,Monthly
M0255,Samuel Muthoni,27,Male,Primary,3,1,35165,Yes,Yes,Swahili,9am-8pm,Yes,Yes,Yes,Daily
M0256,Felix Omondi,30,Male,Primary,6,16,344293,Yes,Yes,Swahili,6am-7pm,Yes,Yes,Yes,Daily
M0257,Henry Wekesa,43,Female,University,25,3,115500,Yes,Yes,Swahili,8am-8pm,Yes,Yes,Yes,Daily
M0258,Stephen Wambui,64,Male,University,7,2,49153,No,Yes,Swahili,8am-5pm,Yes,Yes,Yes,Weekly
M0259,Richard Chepkemoi,40,Female,Secondary,17,2,41848,No,No,Swahili,7am-6pm,Yes,Yes,No,Weekly
M0260,Caroline Muthoni,27,Female,University,5,6,199901,Yes,Yes,English,7am-7pm,No,No,Yes,Rarely
M0261,Elizabeth Limo,54,Male,Primary,3,23,560414,No,Yes,Swahili,8am-6pm,Yes,No,Yes,Daily
M0262,Lucy Kibet,48,Male,Primary,28,3,27744,No,No,English,10am-8pm,Yes,No,Yes,Daily
M0263,John Chepkemoi,65,Female,University,20,1,35962,Yes,Yes,English,9am-10pm,Yes,Yes,Yes,Monthly
M0264,Oscar Kibet,24,Female,Primary,6,14,590619,Yes,Yes,Swahili,8am-8pm,Yes,No,Yes,Daily
M0265,Catherine Koech,54,Male,Primary,8,4,155569,Yes,Yes,Swahili,7am-9pm,No,No,Yes,Weekly
M0266,Edith Langat,48,Male,University,30,6,270933,Yes,No,English,8am-6pm,Yes,Yes,No,Daily
M0267,Brian Nyambura,28,Male,University,9,23,738550,Yes,Yes,Swahili,10am-6pm,Yes,Yes,Yes,Daily
M0268,Charity Onyango,41,Male,Secondary,13,2,40747,No,No,English,9am-7pm,Yes,No,Yes,Rarely
M0269,Lawrence Owino,26,Female,University,1,1,30120,Yes,Yes,Swahili,7am-5pm,Yes,Yes,Yes,Monthly
M0270,Paul Akinyi,61,Male,Secondary,23,6,71392,Yes,Yes,English,8am-9pm,Yes,Yes,Yes,Monthly
M0271,Oscar Sang,53,Female,Secondary,25,2,19759,No,Yes,Swahili,10am-9pm,Yes,Yes,Yes,Daily
M0272,Caroline Onyango,49,Female,University,26,2,46530,No,Yes,Swahili,10am-5pm,No,No,Yes,Monthly
M0273,Victor Kimani,59,Male,Secondary,21,3,165089,Yes,Yes,English,5am-5pm,Yes,Yes,Yes,Daily
M0274,Samuel Onyango,39,Female,University,4,2,26332,No,Yes,Swahili,9am-8pm,No,No,Yes,Daily
M0275,Olivia Kamau,64,Male,Secondary,26,2,17842,No,Yes,English,9am-7pm,Yes,Yes,Yes,Monthly
M0276,Philip Otieno,26,Female,University,2,3,31500,No,No,English,6am-6pm,No,No,Yes,Daily
M0277,Edith Mutua,58,Male,Primary,20,2,22726,Yes,No,Swahili,10am-5pm,No,No,Yes,Monthly
M0278,Lucy Adhiambo,41,Female,Secondary,18,5,173705,Yes,No,Swahili,7am-8pm,No,No,No,Weekly
M0279,Hellen Adhiambo,60,Female,University,9,6,97255,No,No,Swahili,7am-8pm,Yes,No,Yes,Rarely
M0280,Yusuf Jepkosgei,24,Female,Secondary,1,1,33605,No,Yes,Swahili,7am-6pm,Yes,No,Yes,Rarely
M0281,Eunice Korir,52,Male,University,20,10,552501,Yes,Yes,Swahili,10am-8pm,Yes,Yes,Yes,Rarely
M0282,Lilian Wanjiku,55,Female,Secondary,15,2,45929,Yes,Yes,Swahili,6am-8pm,No,No,Yes,Daily
M0283,Hassan Mwangi,34,Female,University,11,22,336398,Yes,No,English,9am-9pm,Yes,No,Yes,Daily
M0284,Olivia Limo,26,Female,Primary,5,11,507580,Yes,Yes,English,9am-5pm,Yes,Yes,Yes,Monthly
M0285,Yusuf Maina,51,Male,University,10,15,212379,Yes,No,English,7am-6pm,Yes,Yes,Yes,Monthly
M0286,Dennis Abdullahi,45,Male,Secondary,17,7,57766,Yes,Yes,English,10am-9pm,No,No,Yes,Monthly
M0287,Victor Chebet,43,Female,Primary,18,4,63095,Yes,Yes,Swahili,5am-9pm,Yes,Yes,Yes,Weekly
M0288,Walter Koskei,32,Male,University,7,4,185453,Yes,No,Swahili,9am-10pm,No,No,No,Rarely
M0289,Dominic Nyaga,32,Female,Primary,13,3,23773,No,No,Swahili,10am-6pm,Yes,Yes,Yes,Daily
M0290,Zipporah Kibet,50,Female,Primary,12,5,169830,Yes,Yes,Swahili,7am-8pm,Yes,Yes,Yes,Daily
M0291,Tabitha Kimani,51,Female,Secondary,9,3,62333,Yes,No,English,9am-10pm,Yes,Yes,Yes,Daily
M0292,Martin Langat,25,Male,University,1,5,71857,Yes,No,Swahili,8am-6pm,No,No,Yes,Daily
M0293,Margaret Wekesa,62,Female,Secondary,27,4,137518,Yes,Yes,Swahili,9am-6pm,Yes,Yes,Yes,Daily
M0294,Caroline Kimani,60,Female,University,11,5,185154,No,No,Swahili,5am-8pm,Yes,Yes,Yes,Daily
M0295,Njeri Too,60,Female,Secondary,11,1,25534,No,No,Swahili,9am-9pm,No,No,Yes,Daily
M0296,Priscilla Otieno,37,Female,University,4,3,33034,No,Yes,English,5am-6pm,Yes,Yes,Yes,Daily
M0297,Margaret Akinyi,39,Male,Primary,10,14,446073,Yes,Yes,English,6am-9pm,Yes,Yes,Yes,Weekly
M0298,Nancy Mutai,51,Male,Secondary,8,2,31121,No,Yes,English,5am-10pm,No,No,Yes,Daily
M0299,Mary Rotich,31,Male,University,8,3,23494,No,Yes,Swahili,8am-6pm,Yes,Yes,Yes,Daily
M0300,Nathan Ngetich,28,Female,University,3,1,40979,Yes,No,English,9am-7pm,No,No,Yes,Monthly
M0301,David Wanjiru,59,Male,Secondary,7,18,477780,Yes,Yes,Swahili,8am-8pm,Yes,Yes,No,Daily
M0302,Priscilla Mutai,47,Female,Secondary,26,23,644492,Yes,Yes,Swahili,8am-7pm,Yes,Yes,Yes,Daily
M0303,John Njoki,26,Male,Primary,2,4,88688,Yes,Yes,Swahili,8am-8pm,Yes,Yes,Yes,Daily
M0304,Felix Omondi,54,Male,University,1,22,591035,Yes,Yes,English,9am-7pm,Yes,Yes,Yes,Daily
M0305,Irene Korir,63,Male,University,22,2,35068,No,Yes,Swahili,10am-8pm,No,No,Yes,Monthly
M0306,Grace Abdullahi,47,Female,Primary,18,2,41281,No,Yes,English,8am-10pm,No,No,Yes,Monthly
M0307,Nathan Langat,39,Female,Secondary,12,4,111178,Yes,Yes,Swahili,9am-8pm,Yes,Yes,Yes,Daily
M0308,Dennis Wangari,32,Female,University,1,7,98558,Yes,No,Swahili,7am-8pm,Yes,No,No,Weekly
M0309,Peter Abdullahi,34,Female,Primary,11,2,25907,Yes,Yes,Swahili,10am-5pm,Yes,Yes,Yes,Daily
M0310,Peter Ochieng,28,Female,University,9,3,76392,Yes,Yes,Swahili,6am-9pm,Yes,No,Yes,Daily
M0311,Njeri Kiptoo,60,Female,University,6,1,20610,No,No,English,9am-8pm,Yes,Yes,No,Daily
M0312,Catherine Simiyu,24,Male,Secondary,4,3,42020,Yes,Yes,Swahili,8am-5pm,No,No,Yes,Monthly
M0313,Amina Korir,24,Male,Secondary,3,4,62137,Yes,Yes,Swahili,8am-6pm,Yes,Yes,Yes,Daily
M0314,Brian Owino,38,Female,Primary,17,25,345491,No,Yes,English,9am-5pm,Yes,Yes,Yes,Weekly
M0315,Elizabeth Auma,24,Male,Primary,3,18,304612,Yes,Yes,Swahili,7am-6pm,Yes,No,Yes,Daily
M0316,Richard Ochieng,48,Female,Secondary,29,3,184899,No,No,Swahili,10am-7pm,Yes,Yes,Yes,Daily
M0317,Stephen Bett,48,Male,University,8,1,33548,No,No,Swahili,5am-8pm,No,No,Yes,Daily
M0318,Walter Adhiambo,56,Male,Secondary,27,3,142809,Yes,Yes,Swahili,8am-8pm,Yes,Yes,Yes,Daily
M0319,Edith Sang,47,Female,Secondary,9,4,168428,Yes,No,Swahili,7am-5pm,No,No,No,Weekly
M0320,Walter Owino,31,Male,University,6,5,178023,Yes,Yes,Swahili,8am-6pm,Yes,Yes,Yes,Daily
M0321,Jacinta Ochieng,58,Female,Secondary,25,2,50950,No,Yes,Swahili,7am-10pm,No,No,Yes,Daily
M0322,Walter Akinyi,46,Female,Secondary,21,1,28426,No,Yes,English,7am-10pm,No,No,Yes,Daily
M0323,Nancy Koskei,49,Male,Primary,21,3,36035,No,No,Swahili,5am-6pm,Yes,Yes,Yes,Daily
M0324,Francis Kimani,26,Male,Secondary,1,1,17038,No,Yes,English,9am-9pm,Yes,Yes,Yes,Monthly
M0325,Daniel Kariuki,30,Female,Secondary,8,4,120392,No,No,English,6am-5pm,No,No,Yes,Daily
M0326,Ruth Jepkosgei,63,Male,Secondary,12,5,162153,Yes,Yes,English,5am-7pm,Yes,Yes,Yes,Daily
M0327,Fredrick Mutua,31,Female,University,8,2,41642,No,Yes,Swahili,10am-10pm,Yes,Yes,Yes,Daily
M0328,Lawrence Koskei,63,Male,Primary,8,20,511562,Yes,No,Swahili,7am-7pm,Yes,No,No,Weekly
M0329,Simon Barasa,50,Female,Primary,11,6,799106,Yes,Yes,Swahili,7am-6pm,Yes,No,Yes,Weekly
M0330,Eunice Kimani,37,Female,Secondary,16,8,182808,Yes,Yes,Swahili,7am-9pm,Yes,Yes,Yes,Weekly
M0331,Miriam Onyango,34,Female,University,3,3,16659,No,Yes,Swahili,9am-6pm,No,No,Yes,Rarely
M0332,Jacinta Abdullahi,62,Male,Primary,17,7,167631,Yes,Yes,Swahili,6am-6pm,Yes,Yes,Yes,Weekly
M0333,Charity Bett,37,Female,Secondary,12,7,97851,Yes,No,English,10am-6pm,Yes,No,Yes,Daily
M0334,Gloria Jepkosgei,58,Female,Primary,26,8,132317,Yes,No,English,6am-9pm,Yes,Yes,No,Daily
M0335,Boniface Maina,42,Male,Secondary,16,8,52945,No,No,Swahili,7am-9pm,Yes,Yes,No,Daily
M0336,Jacinta Wanjiru,56,Male,University,11,4,133066,Yes,Yes,Swahili,7am-5pm,No,No,Yes,Daily
M0337,Philip Bett,31,Female,University,7,6,52395,Yes,Yes,English,7am-7pm,No,No,Yes,Monthly
M0338,Joseph Gitau,53,Male,Primary,25,1,53467,Yes,Yes,English,6am-6pm,No,No,Yes,Daily
M0339,Lawrence Wanjala,50,Male,Secondary,19,3,15935,Yes,Yes,English,7am-9pm,No,No,Yes,Daily
M0340,Samuel Korir,41,Female,Primary,3,3,109886,Yes,Yes,English,7am-9pm,Yes,Yes,Yes,Monthly
M0341,Rebecca Maina,53,Female,Secondary,24,7,118349,No,Yes,Swahili,7am-9pm,Yes,Yes,Yes,Daily
M0342,Ann Nyaga,23,Female,University,4,3,45515,No,Yes,Swahili,8am-9pm,Yes,Yes,Yes,Daily
M0343,Samuel Kamau,23,Female,Primary,4,2,160805,Yes,Yes,Swahili,10am-10pm,No,No,Yes,Daily
M0344,Julius Barasa,60,Male,Primary,14,3,189511,Yes,Yes,Swahili,10am-8pm,No,No,Yes,Daily
M0345,David Kariuki,52,Male,Secondary,20,1,34445,No,Yes,Swahili,8am-10pm,Yes,Yes,Yes,Daily
M0346,Miriam Kigen,50,Male,University,24,2,30546,No,No,English,5am-8pm,No,No,Yes,Daily
M0347,Victor Mohamed,45,Female,Secondary,17,11,791003,Yes,Yes,Swahili,9am-6pm,Yes,Yes,Yes,Weekly
M0348,Zipporah Njoki,64,Female,University,26,6,548907,Yes,No,Swahili,7am-9pm,Yes,Yes,Yes,Monthly
M0349,Richard Langat,44,Female,University,14,9,476942,Yes,Yes,Swahili,7am-7pm,Yes,Yes,Yes,Daily
M0350,Mary Barasa,27,Female,Secondary,5,24,478282,Yes,Yes,Swahili,7am-7pm,Yes,No,No,Daily
M0351,Violet Akinyi,62,Female,University,20,21,515307,Yes,Yes,Swahili,9am-9pm,Yes,No,No,Weekly
M0352,Esther Ruto,36,Male,University,14,7,112671,No,Yes,Swahili,6am-6pm,Yes,Yes,Yes,Daily
M0353,Peter Kigen,65,Female,University,15,7,65019,No,No,Swahili,9am-9pm,Yes,Yes,Yes,Weekly
M0354,Rose Mwangi,36,Female,University,17,8,129345,Yes,Yes,Swahili,8am-10pm,Yes,No,Yes,Daily
M0355,Esther Gitau,32,Male,Secondary,6,2,17460,No,Yes,Swahili,9am-9pm,Yes,Yes,Yes,Daily
M0356,Thomas Wangari,62,Female,Secondary,27,2,42123,No,No,Swahili,10am-8pm,Yes,Yes,Yes,Rarely
M0357,Mary Kipchoge,43,Female,University,10,6,72964,Yes,No,Swahili,6am-8pm,Yes,Yes,Yes,Daily
M0358,Rose Gitau,55,Male,Secondary,27,3,111737,Yes,Yes,English,10am-6pm,Yes,Yes,Yes,Rarely
M0359,Henry Otieno,35,Female,Secondary,16,2,29538,Yes,Yes,Swahili,9am-9pm,Yes,Yes,Yes,Daily
M0360,Dominic Jepkosgei,56,Female,Primary,3,7,104822,Yes,Yes,English,10am-5pm,No,No,Yes,Daily
M0361,Hellen Barasa,58,Male,Secondary,17,2,25303,No,Yes,Swahili,9am-8pm,No,No,Yes,Weekly
M0362,Rose Mohamed,63,Female,University,7,3,196637,Yes,Yes,Swahili,9am-9pm,Yes,Yes,No,Weekly
M0363,Hellen Kimani,29,Male,Secondary,8,1,26244,No,No,Swahili,10am-6pm,Yes,Yes,Yes,Daily
M0364,Priscilla Wambui,46,Male,Secondary,21,5,113664,Yes,No,English,6am-8pm,No,No,No,Daily
M0365,Thomas Koech,45,Female,University,5,16,392434,Yes,Yes,Swahili,5am-9pm,Yes,Yes,Yes,Daily
M0366,Violet Nyaga,32,Female,University,8,3,30085,Yes,Yes,Swahili,8am-7pm,Yes,Yes,Yes,Weekly
M0367,George Sang,27,Male,University,3,20,543405,No,Yes,Swahili,8am-10pm,Yes,Yes,Yes,Daily
M0368,Sylvia Wangari,48,Female,Secondary,10,2,44490,Yes,Yes,Swahili,7am-10pm,No,No,Yes,Monthly
M0369,Dominic Ngetich,54,Male,Secondary,13,3,185294,Yes,Yes,Swahili,5am-7pm,Yes,Yes,Yes,Weekly
M0370,Mary Barasa,27,Female,Secondary,8,3,23500,Yes,Yes,Swahili,10am-10pm,No,No,Yes,Weekly
M0371,Philip Wanjala,56,Female,University,14,15,333139,Yes,Yes,English,6am-8pm,Yes,No,Yes,Weekly
M0372,Dennis Maina,33,Male,University,15,2,24750,Yes,No,Swahili,7am-6pm,Yes,Yes,Yes,Daily
M0373,Rose Wekesa,27,Female,Secondary,2,5,170179,No,No,Swahili,8am-6pm,Yes,Yes,Yes,Weekly
M0374,Nathan Wanjiru,40,Female,Secondary,11,2,24503,No,No,Swahili,7am-5pm,No,No,Yes,Daily
M0375,Elizabeth Kariuki,33,Female,Secondary,14,5,72010,Yes,Yes,Swahili,9am-8pm,Yes,No,Yes,Daily
M0376,Yvonne Too,44,Female,Secondary,24,2,53021,Yes,Yes,Swahili,5am-9pm,Yes,Yes,Yes,Monthly
M0377,David Koech,51,Male,Secondary,24,9,314016,Yes,No,English,7am-6pm,Yes,Yes,No,Monthly
M0378,Felix Njoroge,36,Male,Secondary,1,7,280124,Yes,Yes,Swahili,8am-10pm,Yes,Yes,Yes,Monthly
M0379,Tabitha Njoki,41,Male,Secondary,13,5,112603,Yes,Yes,English,9am-6pm,Yes,Yes,Yes,Daily
M0380,Nancy Chebet,63,Male,Secondary,13,4,196506,Yes,Yes,English,7am-8pm,Yes,Yes,Yes,Daily
M0381,Hassan Ochieng,51,Female,University,11,1,44945,Yes,Yes,Swahili,6am-8pm,No,No,Yes,Daily
M0382,Moses Auma,61,Male,Secondary,24,17,207452,Yes,No,Swahili,8am-5pm,Yes,No,Yes,Daily
M0383,Esther Mwangi,48,Female,Primary,13,3,29735,No,Yes,English,8am-6pm,Yes,Yes,Yes,Daily
M0384,Fredrick Auma,61,Male,Secondary,29,6,761041,Yes,Yes,English,9am-5pm,Yes,Yes,Yes,Daily
M0385,Francis Langat,61,Female,University,21,6,91883,Yes,Yes,Swahili,9am-7pm,Yes,No,Yes,Daily
M0386,Miriam Kigen,40,Male,Secondary,21,4,198155,Yes,No,Swahili,7am-8pm,Yes,Yes,No,Weekly
M0387,Lawrence Chepkemoi,31,Female,University,6,3,174477,Yes,Yes,English,8am-7pm,Yes,Yes,Yes,Daily
M0388,Mary Njoroge,28,Female,Secondary,9,2,146537,Yes,Yes,Swahili,8am-6pm,No,No,Yes,Daily
M0389,Jacinta Wangari,43,Female,University,4,2,31321,No,Yes,English,10am-7pm,No,No,Yes,Daily
M0390,Mary Wanjiku,42,Male,Secondary,13,6,523210,Yes,Yes,Swahili,6am-9pm,Yes,No,Yes,Daily
M0391,Nathan Wanjala,47,Female,Primary,5,4,193108,Yes,Yes,Swahili,9am-6pm,No,No,Yes,Monthly
M0392,Kevin Chepkemoi,30,Male,Secondary,5,1,31148,Yes,No,Swahili,5am-10pm,No,No,Yes,Weekly
M0393,Yvonne Langat,51,Female,Secondary,9,8,117622,Yes,Yes,Swahili,9am-8pm,Yes,No,Yes,Daily
M0394,Violet Wekesa,42,Female,Primary,14,7,196069,Yes,Yes,Swahili,6am-8pm,No,No,Yes,Rarely
M0395,Richard Nyaga,30,Male,Primary,8,3,40152,No,Yes,Swahili,7am-6pm,Yes,Yes,Yes,Daily
M0396,Sarah Mutua,55,Male,University,4,2,113788,No,Yes,Swahili,9am-8pm,No,No,No,Rarely
M0397,Samuel Sang,32,Male,Secondary,7,4,184931,No,Yes,Swahili,10am-8pm,Yes,Yes,Yes,Daily
M0398,Jacinta Auma,53,Female,Secondary,7,2,53046,Yes,Yes,Swahili,10am-9pm,Yes,No,Yes,Monthly
M0399,Simon Kariuki,26,Male,Primary,2,1,43259,Yes,Yes,Swahili,8am-6pm,Yes,No,Yes,Monthly
M0400,Zachary Langat,31,Male,Secondary,9,2,25730,No,Yes,English,6am-6pm,No,No,Yes,Weekly
M0401,Richard Njoki,36,Male,Primary,13,9,798204,Yes,Yes,Swahili,8am-9pm,Yes,No,Yes,Monthly
M0402,Rose Mwangi,50,Female,Secondary,6,5,112286,Yes,Yes,Swahili,8am-8pm,Yes,Yes,Yes,Weekly
M0403,Caroline Koskei,61,Female,Secondary,28,8,179332,Yes,Yes,English,6am-10pm,No,No,Yes,Weekly
M0404,Tabitha Rotich,29,Male,Secondary,8,7,62752,Yes,Yes,Swahili,9am-9pm,Yes,Yes,Yes,Weekly
M0405,Violet Jepkosgei,63,Female,Secondary,10,5,85420,Yes,Yes,Swahili,7am-10pm,Yes,Yes,Yes,Daily
M0406,Elizabeth Chesang,53,Female,Secondary,11,7,136820,Yes,Yes,Swahili,6am-6pm,Yes,Yes,Yes,Weekly
M0407,Caroline Akinyi,43,Female,University,17,3,66894,Yes,Yes,English,6am-7pm,Yes,Yes,Yes,Monthly
M0408,Martin Adhiambo,36,Male,Secondary,2,6,70232,Yes,No,Swahili,5am-7pm,No,No,Yes,Weekly
M0409,Victor Wambui,61,Female,University,30,19,221964,Yes,No,English,8am-10pm,Yes,Yes,No,Daily
M0410,George Mwangi,62,Female,Primary,2,11,423099,Yes,Yes,Swahili,5am-6pm,Yes,Yes,Yes,Rarely
M0411,Lilian Wanjiru,42,Male,Secondary,19,6,170981,Yes,Yes,English,9am-6pm,No,No,Yes,Daily
M0412,Yusuf Korir,46,Male,Secondary,1,4,87563,Yes,Yes,English,8am-8pm,Yes,Yes,Yes,Daily
M0413,Yusuf Nyambura,29,Male,Primary,1,22,488678,Yes,No,English,7am-10pm,Yes,Yes,No,Monthly
M0414,Daniel Mwangi,38,Female,Secondary,19,2,43150,No,Yes,Swahili,7am-7pm,No,No,Yes,Daily
M0415,Yusuf Chepkemoi,55,Male,Secondary,8,16,312848,Yes,Yes,English,9am-6pm,Yes,No,Yes,Monthly
M0416,Oscar Auma,24,Male,University,5,5,50723,Yes,Yes,English,5am-7pm,No,No,Yes,Daily
M0417,Simon Simiyu,48,Male,Secondary,29,2,38705,No,Yes,English,10am-8pm,No,No,Yes,Daily
M0418,Lilian Jepkosgei,47,Female,Secondary,18,2,27164,No,No,English,7am-5pm,Yes,Yes,No,Rarely
M0419,George Jepkosgei,65,Female,Secondary,21,17,248075,No,No,English,9am-8pm,Yes,Yes,Yes,Monthly
M0420,Elizabeth Langat,54,Female,University,22,6,687317,Yes,No,English,7am-9pm,Yes,Yes,No,Weekly
M0421,Eunice Mohamed,38,Female,University,13,13,222574,Yes,No,Swahili,9am-9pm,Yes,No,No,Daily
M0422,Rose Limo,40,Female,Primary,17,3,38958,Yes,Yes,Swahili,8am-9pm,No,No,Yes,Rarely
M0423,Zipporah Wanjiku,43,Male,University,24,19,653091,Yes,No,English,6am-8pm,Yes,No,Yes,Daily
M0424,Thomas Jepkosgei,27,Female,University,5,2,17845,Yes,Yes,Swahili,8am-9pm,Yes,Yes,Yes,Daily
M0425,Amina Jepkosgei,23,Female,University,1,6,192635,Yes,Yes,Swahili,6am-6pm,Yes,Yes,Yes,Rarely
M0426,Brian Adhiambo,45,Male,Secondary,18,1,30215,No,Yes,Swahili,10am-7pm,Yes,Yes,Yes,Daily
M0427,Sarah Mohamed,61,Female,Primary,11,4,161844,Yes,Yes,Swahili,9am-6pm,No,No,Yes,Monthly
M0428,Martin Kipchoge,51,Male,University,7,2,40533,Yes,Yes,Swahili,6am-7pm,No,No,Yes,Monthly
M0429,Esther Wanjala,57,Male,Primary,19,2,37173,Yes,Yes,Swahili,6am-10pm,Yes,Yes,No,Daily
M0430,Lilian Otieno,63,Male,Secondary,27,2,39188,Yes,Yes,Swahili,9am-9pm,Yes,Yes,Yes,Rarely
M0431,Catherine Ngetich,28,Male,Secondary,4,3,128184,Yes,Yes,English,9am-9pm,No,No,No,Weekly
M0432,Violet Kimani,59,Male,Secondary,3,25,427003,Yes,Yes,English,9am-5pm,Yes,No,Yes,Daily
M0433,Zipporah Ruto,45,Female,Secondary,21,2,39026,Yes,No,English,10am-8pm,No,No,Yes,Weekly
M0434,Daniel Chesang,28,Female,Secondary,9,3,118783,No,No,Swahili,9am-8pm,No,No,Yes,Daily
M0435,Olivia Muthoni,65,Female,University,5,24,661579,Yes,Yes,Swahili,7am-6pm,Yes,No,Yes,Daily
M0436,Gloria Bett,64,Male,Secondary,19,4,167136,Yes,Yes,Swahili,8am-6pm,Yes,Yes,Yes,Daily
M0437,Aisha Owino,35,Male,Secondary,7,2,33288,No,No,English,6am-7pm,Yes,Yes,Yes,Monthly
M0438,Joseph Langat,55,Female,Secondary,15,3,35315,No,No,Swahili,7am-10pm,Yes,Yes,No,Weekly
M0439,Oscar Wanjiku,55,Female,Secondary,14,1,47594,No,Yes,Swahili,6am-7pm,No,No,Yes,Daily
M0440,Esther Omondi,51,Male,University,7,1,30057,Yes,Yes,Swahili,6am-7pm,No,No,Yes,Daily
M0441,Boniface Otieno,55,Female,Secondary,14,5,149830,Yes,Yes,Swahili,8am-9pm,Yes,Yes,Yes,Daily
M0442,Dennis Kibet,27,Male,Secondary,6,6,80792,No,No,Swahili,7am-5pm,Yes,Yes,No,Weekly
M0443,Oscar Gitau,28,Male,University,3,4,133963,Yes,Yes,English,9am-6pm,No,No,Yes,Monthly
M0444,Ruth Owino,52,Female,University,19,21,420326,Yes,Yes,Swahili,6am-6pm,Yes,Yes,Yes,Daily
M0445,Lucy Maina,42,Male,Primary,17,5,197406,No,Yes,Swahili,6am-6pm,No,No,Yes,Daily
M0446,Dominic Kimani,43,Male,Secondary,19,1,44100,No,Yes,Swahili,7am-9pm,No,No,Yes,Daily
M0447,David Wekesa,41,Male,Secondary,16,1,35906,No,Yes,Swahili,6am-7pm,No,No,Yes,Daily
M0448,Nathan Kamau,54,Male,Primary,18,7,185670,Yes,Yes,Swahili,7am-6pm,Yes,Yes,Yes,Daily
M0449,Miriam Wanjiru,25,Female,University,4,3,116231,Yes,Yes,English,5am-5pm,Yes,Yes,Yes,Daily
M0450,Edith Adhiambo,35,Male,Primary,14,8,172822,Yes,Yes,Swahili,9am-6pm,No,No,Yes,Daily
M0451,Felix Rotich,26,Female,Secondary,3,4,125520,Yes,Yes,English,7am-9pm,No,No,Yes,Weekly
M0452,Brian Langat,32,Female,University,5,7,79360,Yes,Yes,Swahili,7am-6pm,No,No,Yes,Monthly
M0453,George Limo,40,Female,Primary,7,3,19702,No,No,Swahili,10am-8pm,No,No,Yes,Daily
M0454,Paul Kimani,35,Female,University,9,3,42090,No,Yes,English,7am-9pm,No,No,Yes,Weekly
M0455,Violet Gitau,36,Male,University,13,2,43024,No,Yes,Swahili,7am-8pm,Yes,No,Yes,Weekly
M0456,Philip Njoroge,62,Female,Secondary,25,2,195725,Yes,Yes,Swahili,8am-10pm,No,No,Yes,Weekly
M0457,Violet Wanjiku,34,Male,University,9,3,44188,Yes,No,English,9am-6pm,Yes,Yes,No,Monthly
M0458,Joseph Ngetich,44,Male,Secondary,23,8,113253,Yes,Yes,Swahili,9am-6pm,No,No,Yes,Weekly
M0459,Zipporah Chepkemoi,33,Male,University,10,4,93552,No,Yes,Swahili,9am-9pm,No,No,Yes,Daily
M0460,Ruth Omondi,51,Female,Secondary,7,4,173308,Yes,No,English,8am-8pm,Yes,Yes,No,Daily
M0461,Lilian Wambui,27,Male,Secondary,2,6,57448,Yes,No,English,8am-8pm,Yes,No,No,Daily
M0462,Ann Simiyu,62,Male,University,18,7,155771,Yes,Yes,English,7am-8pm,Yes,Yes,Yes,Daily
M0463,Amina Njoroge,43,Male,University,21,6,190781,Yes,No,Swahili,8am-5pm,No,No,Yes,Weekly
M0464,Ann Wekesa,47,Male,University,23,3,152042,No,Yes,Swahili,5am-6pm,Yes,No,No,Daily
M0465,Lilian Mwangi,58,Female,Secondary,28,23,776131,Yes,Yes,English,6am-10pm,Yes,Yes,Yes,Weekly
M0466,Isaac Wangari,45,Female,Secondary,10,5,199511,Yes,No,English,10am-6pm,Yes,Yes,Yes,Daily
M0467,Samuel Adhiambo,55,Female,Primary,9,5,89081,Yes,No,Swahili,6am-9pm,Yes,No,No,Daily
M0468,Julius Otieno,42,Female,Secondary,15,7,164192,Yes,Yes,Swahili,9am-7pm,No,No,Yes,Weekly
M0469,Ali Chepkemoi,52,Female,University,7,21,551911,Yes,Yes,Swahili,8am-8pm,Yes,Yes,Yes,Weekly
M0470,Njeri Wanjala,41,Female,University,4,3,23598,Yes,Yes,Swahili,7am-6pm,Yes,Yes,Yes,Monthly
M0471,Ann Chepkemoi,64,Female,Primary,15,5,186131,Yes,No,Swahili,8am-9pm,No,No,No,Daily
M0472,Aisha Chepkemoi,22,Female,University,3,3,37296,Yes,Yes,English,8am-10pm,Yes,Yes,Yes,Daily
M0473,Amina Kimani,37,Male,University,9,6,146757,Yes,Yes,English,7am-9pm,Yes,Yes,Yes,Daily
M0474,Mary Koskei,52,Male,University,14,7,53388,Yes,Yes,Swahili,8am-6pm,Yes,Yes,No,Monthly
M0475,Rose Ochieng,62,Female,University,22,4,146270,Yes,Yes,Swahili,10am-5pm,No,No,Yes,Weekly
M0476,Philip Njoki,45,Male,Primary,22,6,127781,Yes,No,English,8am-9pm,Yes,Yes,Yes,Daily
M0477,James Maina,51,Female,Secondary,4,4,65353,Yes,Yes,Swahili,6am-10pm,No,No,Yes,Daily
M0478,Philip Adhiambo,50,Female,Secondary,16,1,32674,Yes,Yes,Swahili,6am-9pm,Yes,Yes,Yes,Daily
M0479,Miriam Chebet,48,Female,University,21,1,15730,No,Yes,English,6am-9pm,No,No,Yes,Weekly
M0480,Michael Abdullahi,54,Female,University,6,6,72976,No,Yes,Swahili,8am-5pm,Yes,Yes,Yes,Monthly
M0481,Jane Ruto,54,Male,Secondary,21,6,170166,No,No,English,10am-9pm,Yes,Yes,Yes,Daily
M0482,Yusuf Kiptoo,38,Male,Secondary,11,6,198630,Yes,No,English,7am-10pm,No,No,Yes,Daily
M0483,Tabitha Korir,63,Male,Secondary,1,1,34596,No,No,English,5am-8pm,Yes,No,No,Weekly
M0484,Catherine Koech,23,Male,University,4,6,50351,Yes,Yes,Swahili,5am-9pm,No,No,Yes,Daily
M0485,Yvonne Auma,45,Female,Secondary,10,6,160896,No,No,Swahili,7am-5pm,Yes,Yes,Yes,Daily
M0486,Moses Chesang,26,Male,Primary,1,2,17508,No,No,English,8am-9pm,No,No,No,Weekly
M0487,Mary Mohamed,50,Female,University,28,2,139832,Yes,Yes,Swahili,9am-5pm,No,No,Yes,Daily
M0488,Rebecca Mwangi,36,Female,Primary,6,6,196733,Yes,Yes,English,10am-8pm,No,No,Yes,Weekly
M0489,Caroline Wekesa,48,Female,Secondary,11,6,550023,Yes,Yes,Swahili,9am-7pm,Yes,No,Yes,Rarely
M0490,Hellen Chebet,58,Male,Secondary,22,3,16262,Yes,Yes,Swahili,8am-8pm,No,No,Yes,Daily
M0491,Hellen Muthoni,33,Male,Secondary,1,5,75642,Yes,Yes,Swahili,9am-6pm,No,No,Yes,Weekly
M0492,Richard Jepkosgei,37,Male,Secondary,5,8,158827,No,Yes,Swahili,9am-8pm,Yes,Yes,Yes,Weekly
M0493,Walter Nyambura,24,Female,Primary,5,7,132294,No,No,Swahili,5am-9pm,Yes,Yes,Yes,Monthly
M0494,Ali Bett,43,Male,Secondary,15,3,176683,Yes,Yes,English,7am-7pm,Yes,Yes,Yes,Daily
M0495,Winnie Koskei,60,Female,Secondary,19,6,141471,Yes,No,Swahili,7am-5pm,No,No,No,Rarely
M0496,James Wangari,47,Male,Primary,16,10,691477,Yes,Yes,English,5am-5pm,Yes,Yes,Yes,Daily
M0497,Francis Njoki,57,Female,University,16,3,32465,No,Yes,English,7am-7pm,Yes,No,Yes,Monthly
M0498,Peter Chebet,57,Female,University,4,7,529357,Yes,Yes,Swahili,8am-8pm,Yes,Yes,Yes,Weekly
M0499,Aisha Maina,49,Male,University,20,7,59231,Yes,Yes,English,7am-5pm,No,No,Yes,Daily
M0500,Grace Sang,22,Male,Secondary,4,7,166686,Yes,Yes,English,10am-6pm,No,No,Yes,Weekly
M0501,Simon Omondi,59,Female,University,30,20,646634,Yes,Yes,Swahili,10am-8pm,Yes,No,Yes,Daily
M0502,Ali Kigen,60,Male,University,14,2,24994,Yes,No,English,10am-8pm,No,No,Yes,Weekly
M0503,Catherine Mohamed,27,Female,University,2,3,23502,Yes,Yes,Swahili,7am-8pm,Yes,Yes,Yes,Rarely
M0504,Philip Wanjiru,63,Female,Secondary,21,6,162754,Yes,Yes,Swahili,7am-8pm,Yes,No,Yes,Monthly
M0505,Njeri Simiyu,24,Male,University,1,2,39330,No,No,English,6am-10pm,Yes,Yes,Yes,Rarely
M0506,Esther Mutai,35,Male,University,12,1,35215,Yes,Yes,English,6am-6pm,No,No,Yes,Monthly
M0507,Gloria Langat,24,Female,University,5,5,103456,Yes,Yes,English,6am-9pm,Yes,No,Yes,Daily
M0508,Richard Koskei,65,Male,Primary,17,3,21157,No,Yes,Swahili,7am-6pm,Yes,Yes,Yes,Weekly
M0509,Margaret Omondi,50,Female,University,9,5,50995,No,No,Swahili,8am-10pm,Yes,Yes,No,Monthly
M0510,Dennis Wangari,32,Female,University,3,3,42585,Yes,Yes,Swahili,5am-8pm,Yes,Yes,Yes,Monthly
M0511,Dominic Limo,42,Male,Primary,15,6,81808,Yes,Yes,Swahili,6am-9pm,Yes,No,Yes,Daily
M0512,Tabitha Ngetich,35,Female,University,6,6,144409,Yes,Yes,English,9am-5pm,No,No,Yes,Daily
M0513,Julius Ruto,34,Male,Primary,11,8,548199,Yes,Yes,English,7am-7pm,Yes,No,Yes,Weekly
M0514,Miriam Onyango,38,Male,Secondary,15,7,88538,Yes,Yes,Swahili,6am-8pm,No,No,Yes,Daily
M0515,Zachary Chesang,51,Male,Secondary,25,25,444076,Yes,Yes,Swahili,7am-10pm,Yes,No,Yes,Monthly
M0516,Njeri Mutai,46,Female,Primary,2,8,193310,Yes,Yes,Swahili,10am-7pm,Yes,Yes,Yes,Monthly
M0517,George Too,25,Male,Primary,6,1,51128,No,No,Swahili,6am-10pm,Yes,Yes,No,Monthly
M0518,Mary Njoki,43,Female,University,22,8,157995,Yes,Yes,English,8am-6pm,No,No,Yes,Weekly
M0519,Richard Chesang,55,Male,Secondary,26,2,59704,No,No,English,7am-6pm,Yes,Yes,Yes,Daily
M0520,Ali Jepkosgei,31,Male,Secondary,10,5,91214,Yes,Yes,Swahili,8am-6pm,Yes,Yes,No,Daily
M0521,Irene Nyambura,27,Male,University,6,2,32010,Yes,Yes,Swahili,6am-6pm,No,No,No,Monthly
M0522,Victor Otieno,25,Male,Secondary,5,1,16410,No,Yes,Swahili,10am-9pm,Yes,Yes,Yes,Daily
M0523,Thomas Langat,57,Female,University,21,3,124887,Yes,Yes,Swahili,9am-7pm,Yes,Yes,Yes,Daily
M0524,Yvonne Simiyu,25,Male,Primary,6,15,660879,Yes,Yes,Swahili,9am-5pm,Yes,Yes,Yes,Weekly
M0525,Elizabeth Wairimu,64,Male,University,26,3,128041,Yes,No,English,9am-8pm,No,No,No,Monthly
M0526,Irene Kibet,37,Male,University,15,6,175371,Yes,Yes,English,7am-6pm,Yes,No,Yes,Weekly
M0527,Samuel Rotich,46,Male,Secondary,27,6,376132,Yes,Yes,Swahili,7am-6pm,Yes,Yes,Yes,Daily
M0528,Zachary Otieno,35,Female,University,8,2,126595,No,No,Swahili,9am-6pm,Yes,Yes,Yes,Weekly
M0529,Felix Chepkemoi,56,Male,University,11,7,153809,No,No,English,6am-6pm,Yes,Yes,No,Daily
M0530,Joseph Kipchoge,35,Male,Secondary,14,3,24109,Yes,No,English,9am-10pm,No,No,Yes,Weekly
M0531,Victor Ngetich,49,Male,Secondary,30,5,185674,Yes,Yes,English,9am-9pm,No,No,Yes,Rarely
M0532,Gloria Wambui,48,Male,Secondary,2,16,733847,Yes,No,Swahili,10am-6pm,Yes,Yes,Yes,Daily
M0533,Robert Kiptoo,44,Female,University,26,4,111180,Yes,Yes,Swahili,8am-7pm,Yes,Yes,Yes,Rarely
M0534,Hellen Kimani,59,Female,Secondary,14,2,31712,Yes,Yes,Swahili,8am-6pm,No,No,Yes,Rarely
M0535,Lucy Chepkemoi,54,Male,University,19,17,255065,Yes,Yes,English,9am-9pm,Yes,Yes,Yes,Daily
M0536,Yvonne Chesang,25,Female,University,2,4,105361,Yes,No,Swahili,8am-5pm,Yes,No,Yes,Monthly
M0537,Felix Wairimu,32,Female,Secondary,10,5,166033,Yes,No,English,7am-6pm,Yes,Yes,No,Daily
M0538,Lawrence Wambui,41,Female,Primary,7,6,105736,Yes,Yes,Swahili,9am-6pm,Yes,Yes,Yes,Rarely
M0539,Rebecca Ruto,35,Male,Secondary,8,5,138557,Yes,No,Swahili,5am-7pm,No,No,No,Rarely
M0540,Paul Korir,37,Male,University,2,23,201744,No,No,Swahili,10am-7pm,Yes,No,Yes,Daily
M0541,Njeri Nyaga,43,Female,Secondary,22,3,71049,Yes,Yes,Swahili,9am-8pm,Yes,No,Yes,Daily
M0542,Olivia Auma,24,Female,Primary,1,5,112534,No,No,English,8am-7pm,No,No,Yes,Weekly
M0543,Yusuf Koech,55,Female,Secondary,14,2,29596,No,Yes,Swahili,6am-8pm,Yes,No,Yes,Rarely
M0544,Sylvia Kibet,64,Male,University,11,4,110315,Yes,No,English,6am-9pm,No,No,Yes,Weekly
M0545,Fredrick Wanjiru,43,Male,University,4,3,23069,No,Yes,Swahili,7am-6pm,No,No,Yes,Weekly
M0546,Amina Kiptoo,57,Female,Primary,20,4,199908,Yes,Yes,Swahili,6am-7pm,Yes,Yes,Yes,Monthly
M0547,Boniface Wairimu,50,Male,Secondary,27,2,23123,No,Yes,Swahili,9am-7pm,Yes,Yes,Yes,Monthly
M0548,Amina Mutua,24,Female,Secondary,5,5,71042,Yes,No,English,6am-8pm,No,No,Yes,Rarely
M0549,Walter Kariuki,30,Male,University,11,3,52194,No,Yes,English,7am-10pm,No,No,No,Weekly
M0550,Lawrence Ngetich,44,Male,Primary,18,2,147663,Yes,No,Swahili,9am-7pm,Yes,Yes,No,Weekly
M0551,Nancy Ruto,50,Male,Primary,21,3,36583,Yes,No,English,7am-9pm,No,No,No,Rarely
M0552,Simon Limo,24,Male,Secondary,1,3,65450,No,No,Swahili,9am-6pm,Yes,Yes,Yes,Weekly
M0553,Priscilla Wairimu,24,Male,Secondary,5,3,48571,No,Yes,English,7am-5pm,Yes,Yes,Yes,Weekly
M0554,Violet Njoki,62,Male,University,6,5,620223,Yes,Yes,Swahili,9am-7pm,Yes,No,Yes,Daily
M0555,Zachary Wairimu,36,Female,University,1,3,40792,No,Yes,Swahili,7am-10pm,No,No,Yes,Daily
M0556,Eunice Chebet,52,Male,University,1,10,240395,Yes,Yes,English,6am-8pm,Yes,No,Yes,Weekly
M0557,Zipporah Mutai,55,Male,Primary,7,2,45791,Yes,Yes,Swahili,9am-7pm,Yes,Yes,Yes,Daily
M0558,Julius Muthoni,43,Male,Primary,13,6,92080,Yes,Yes,Swahili,6am-7pm,No,No,Yes,Daily
M0559,Esther Njoroge,44,Male,Primary,10,4,114349,Yes,Yes,Swahili,5am-7pm,No,No,Yes,Monthly
M0560,Lawrence Langat,52,Female,Secondary,28,10,410233,Yes,No,Swahili,7am-10pm,Yes,Yes,No,Daily
M0561,Yusuf Bett,27,Female,Primary,3,20,378247,No,No,Swahili,9am-8pm,Yes,No,No,Rarely
M0562,Priscilla Kamau,28,Female,Primary,2,6,169037,Yes,Yes,English,8am-7pm,Yes,Yes,Yes,Daily
M0563,Elizabeth Mutai,28,Female,University,7,8,166061,Yes,No,Swahili,8am-6pm,Yes,No,Yes,Daily
M0564,Henry Ochieng,28,Male,Primary,8,3,153058,Yes,Yes,Swahili,9am-5pm,Yes,Yes,Yes,Daily
M0565,Grace Chebet,47,Female,University,23,10,765987,Yes,Yes,Swahili,7am-8pm,Yes,Yes,Yes,Monthly
M0566,Rebecca Ochieng,39,Male,Secondary,17,2,26283,No,Yes,Swahili,7am-9pm,Yes,Yes,Yes,Daily
M0567,Daniel Wekesa,27,Female,Secondary,7,6,137006,Yes,Yes,Swahili,5am-7pm,Yes,Yes,Yes,Daily
M0568,Joseph Mohamed,58,Female,Secondary,9,3,33836,Yes,Yes,Swahili,5am-8pm,No,No,Yes,Daily
M0569,Nancy Mutai,53,Female,University,19,5,136160,Yes,Yes,Swahili,9am-5pm,Yes,No,Yes,Monthly
M0570,Esther Kiptoo,43,Male,Secondary,16,2,26207,Yes,Yes,Swahili,7am-7pm,Yes,No,Yes,Daily
M0571,Irene Njoroge,41,Male,Secondary,3,1,15419,Yes,Yes,Swahili,6am-8pm,Yes,Yes,Yes,Weekly
M0572,Hassan Chepkemoi,50,Male,Primary,22,14,646312,Yes,Yes,English,9am-9pm,Yes,Yes,Yes,Daily
M0573,Edith Mutai,29,Male,Primary,3,3,136683,Yes,No,Swahili,10am-9pm,Yes,Yes,No,Weekly
M0574,Nathan Onyango,31,Male,Secondary,4,2,38766,No,No,English,8am-6pm,No,No,Yes,Daily
M0575,Catherine Kariuki,58,Male,Secondary,25,8,90729,Yes,Yes,English,7am-5pm,Yes,Yes,Yes,Monthly
M0576,Samuel Chebet,41,Male,University,17,18,335098,Yes,Yes,Swahili,6am-7pm,Yes,Yes,Yes,Rarely
M0577,Kevin Mutua,63,Male,University,10,2,42815,No,Yes,Swahili,5am-6pm,No,No,Yes,Rarely
M0578,Kezia Wanjiru,60,Female,Primary,20,3,138176,No,No,English,7am-9pm,Yes,No,Yes,Rarely
M0579,James Wanjiku,39,Male,University,15,5,52318,Yes,Yes,English,6am-10pm,Yes,No,Yes,Weekly
M0580,Rebecca Rotich,30,Male,Secondary,9,3,27366,No,No,Swahili,9am-8pm,Yes,Yes,No,Monthly
M0581,Yvonne Ochieng,37,Male,University,8,24,781079,No,Yes,Swahili,8am-9pm,Yes,Yes,Yes,Daily
M0582,Samuel Mohamed,51,Male,Secondary,13,4,150461,No,No,Swahili,6am-9pm,Yes,No,Yes,Rarely
M0583,Samuel Wekesa,38,Female,Secondary,5,4,88432,Yes,Yes,English,10am-10pm,Yes,No,Yes,Weekly
M0584,Patrick Langat,43,Male,Secondary,24,2,185141,Yes,Yes,Swahili,8am-10pm,Yes,No,Yes,Weekly
M0585,Richard Barasa,29,Male,University,3,3,34124,No,Yes,Swahili,6am-9pm,No,No,Yes,Daily
M0586,Julius Jepkosgei,45,Male,Secondary,26,22,292859,No,Yes,Swahili,9am-10pm,Yes,No,No,Weekly
M0587,Michael Kipchoge,49,Male,Primary,13,7,116599,Yes,Yes,Swahili,10am-7pm,No,No,Yes,Daily
M0588,Lucy Rotich,25,Female,Secondary,2,2,37098,Yes,Yes,Swahili,8am-8pm,No,No,Yes,Daily
M0589,Robert Auma,33,Male,Secondary,6,6,110358,Yes,No,English,6am-5pm,No,No,No,Weekly
M0590,Rose Wangari,32,Male,Secondary,4,3,35730,Yes,No,English,6am-5pm,No,No,No,Daily
M0591,Walter Bett,26,Female,Secondary,3,11,581862,No,Yes,Swahili,6am-9pm,Yes,Yes,Yes,Daily
M0592,Ann Ruto,57,Female,University,12,17,559952,Yes,Yes,Swahili,9am-6pm,Yes,Yes,Yes,Weekly
M0593,Moses Owino,60,Female,Secondary,26,2,21768,No,No,Swahili,8am-7pm,Yes,Yes,No,Rarely
M0594,Jacinta Bett,58,Male,University,10,2,32894,No,Yes,English,6am-9pm,Yes,No,Yes,Weekly
M0595,Ali Chebet,23,Female,Secondary,4,6,50938,No,Yes,Swahili,7am-6pm,Yes,Yes,Yes,Weekly
M0596,Tabitha Njoroge,23,Male,University,5,2,38530,No,No,Swahili,7am-7pm,No,No,Yes,Monthly
M0597,Victor Kariuki,31,Male,University,4,3,137626,No,No,Swahili,7am-8pm,Yes,No,Yes,Daily
M0598,Lilian Ruto,60,Female,University,19,8,113716,Yes,Yes,English,8am-7pm,No,No,Yes,Weekly
M0599,Ali Wekesa,63,Male,Primary,18,2,163198,Yes,Yes,Swahili,7am-9pm,Yes,No,Yes,Rarely
M0600,Ruth Njoroge,65,Male,Primary,9,7,141899,Yes,Yes,English,6am-5pm,Yes,Yes,Yes,Weekly
M0601,Kevin Onyango,52,Male,Primary,7,3,53768,Yes,No,English,5am-5pm,Yes,Yes,Yes,Monthly
M0602,Violet Sang,44,Male,University,5,5,197950,Yes,Yes,Swahili,6am-7pm,No,No,Yes,Daily
M0603,Yusuf Kimani,48,Male,Secondary,14,2,29476,Yes,Yes,English,5am-9pm,Yes,No,Yes,Monthly
M0604,Robert Simiyu,60,Female,Secondary,8,3,22876,No,Yes,English,9am-6pm,Yes,Yes,Yes,Monthly
M0605,Rebecca Mohamed,64,Female,University,5,3,16899,No,No,English,6am-9pm,Yes,No,Yes,Daily
M0606,Njeri Nyambura,39,Male,University,13,8,119740,Yes,Yes,Swahili,5am-7pm,Yes,No,Yes,Monthly
M0607,Mary Chepkemoi,47,Male,Secondary,25,7,268289,Yes,No,English,9am-9pm,Yes,No,No,Daily
M0608,Olivia Ruto,32,Male,Secondary,1,6,137099,Yes,Yes,Swahili,7am-7pm,Yes,No,Yes,Weekly
M0609,Rebecca Maina,54,Female,Secondary,4,2,21468,No,Yes,Swahili,10am-9pm,Yes,No,Yes,Monthly
M0610,Oscar Kamau,45,Female,Primary,23,2,33091,Yes,Yes,Swahili,6am-7pm,Yes,No,Yes,Monthly
M0611,Fredrick Adhiambo,26,Female,Secondary,7,8,52135,Yes,No,English,9am-7pm,No,No,No,Rarely
M0612,Jane Akinyi,46,Female,Secondary,8,4,179521,No,No,Swahili,6am-7pm,Yes,No,No,Weekly
M0613,Victor Njoki,40,Male,Secondary,20,14,215432,Yes,No,Swahili,6am-6pm,Yes,Yes,No,Daily
M0614,Lucy Wekesa,23,Male,University,3,4,153827,No,No,Swahili,7am-6pm,Yes,No,Yes,Daily
M0615,Sylvia Kibet,61,Female,Secondary,27,6,96374,No,No,Swahili,8am-10pm,Yes,Yes,Yes,Daily
M0616,Lawrence Kipchoge,47,Female,Primary,17,2,28265,No,Yes,Swahili,9am-8pm,No,No,Yes,Daily
M0617,Kezia Chepkemoi,52,Female,Primary,3,3,18286,Yes,Yes,English,9am-6pm,No,No,Yes,Daily
M0618,Dennis Wekesa,30,Female,University,11,1,19859,No,Yes,Swahili,10am-6pm,No,No,Yes,Weekly
M0619,Simon Chebet,58,Male,University,4,2,131775,No,Yes,English,6am-8pm,Yes,Yes,No,Daily
M0620,Samuel Kibet,44,Female,Secondary,5,4,52100,Yes,Yes,Swahili,6am-6pm,No,No,Yes,Rarely
M0621,Nancy Sang,33,Male,University,14,21,367675,Yes,Yes,Swahili,6am-9pm,Yes,Yes,Yes,Daily
M0622,Richard Wanjiku,56,Female,Secondary,11,13,287617,Yes,Yes,Swahili,10am-6pm,Yes,Yes,Yes,Weekly
M0623,Rebecca Omondi,41,Female,University,21,2,22330,No,Yes,Swahili,9am-8pm,Yes,No,Yes,Monthly
M0624,Daniel Chepkemoi,29,Male,Secondary,5,1,46908,No,No,Swahili,8am-9pm,Yes,Yes,No,Daily
M0625,George Jepkosgei,47,Male,Secondary,4,2,30264,No,Yes,English,5am-5pm,No,No,Yes,Weekly
M0626,Joseph Sang,27,Female,Primary,4,6,163569,No,No,Swahili,6am-7pm,Yes,Yes,No,Daily
M0627,Lilian Gitau,44,Male,University,8,3,60050,Yes,Yes,English,7am-7pm,No,No,Yes,Daily
M0628,Paul Too,28,Male,Primary,3,21,697390,Yes,Yes,English,9am-7pm,Yes,Yes,Yes,Daily
M0629,Richard Sang,50,Female,University,4,10,764392,Yes,Yes,Swahili,9am-9pm,Yes,Yes,Yes,Daily
M0630,Priscilla Wanjiku,39,Male,Secondary,19,2,45307,No,No,Swahili,9am-7pm,Yes,No,No,Weekly
M0631,Priscilla Adhiambo,34,Female,Secondary,16,1,24838,Yes,Yes,English,9am-6pm,Yes,Yes,Yes,Daily
M0632,Isaac Limo,49,Male,Secondary,5,7,95882,Yes,No,Swahili,8am-8pm,Yes,Yes,Yes,Daily
M0633,Robert Omondi,43,Male,Secondary,12,1,51149,No,No,English,8am-6pm,No,No,Yes,Weekly
M0634,Esther Wambui,37,Female,Primary,9,2,52985,Yes,Yes,Swahili,6am-5pm,Yes,Yes,Yes,Monthly
M0635,Jane Ruto,57,Male,Primary,22,6,54625,Yes,Yes,Swahili,8am-9pm,Yes,Yes,Yes,Daily
M0636,Zachary Koech,50,Female,University,9,2,48057,No,Yes,Swahili,10am-6pm,Yes,Yes,Yes,Weekly
M0637,Hellen Muthoni,37,Female,University,15,7,136636,No,No,English,6am-6pm,Yes,No,Yes,Daily
M0638,Amina Abdullahi,22,Male,Primary,2,3,73769,No,No,Swahili,8am-9pm,Yes,No,Yes,Daily
M0639,Stephen Wanjiru,29,Female,University,4,6,52230,Yes,Yes,Swahili,10am-8pm,Yes,Yes,Yes,Daily
M0640,Robert Kimani,24,Male,University,4,15,762619,Yes,No,Swahili,7am-8pm,Yes,Yes,No,Weekly
M0641,Olivia Langat,55,Female,Secondary,22,17,601284,No,No,Swahili,9am-8pm,Yes,No,Yes,Weekly
M0642,Rose Bett,59,Male,University,25,3,70940,Yes,Yes,English,7am-9pm,No,No,Yes,Rarely
M0643,Sarah Wanjiru,38,Male,Secondary,18,5,123577,Yes,Yes,Swahili,6am-5pm,No,No,Yes,Rarely
M0644,Margaret Omondi,33,Female,Secondary,4,5,724236,Yes,Yes,English,7am-8pm,Yes,Yes,Yes,Rarely
M0645,Robert Gitau,54,Female,University,22,6,157973,Yes,Yes,Swahili,5am-6pm,No,No,Yes,Daily
M0646,Olivia Langat,38,Male,Secondary,13,20,647096,Yes,Yes,Swahili,6am-9pm,Yes,No,Yes,Weekly
M0647,Zachary Muthoni,26,Female,Secondary,2,7,143072,Yes,Yes,English,5am-6pm,No,No,Yes,Daily
M0648,Amina Gitau,33,Female,Primary,3,2,27209,Yes,Yes,English,5am-9pm,No,No,Yes,Weekly
M0649,Njeri Nyambura,26,Male,Secondary,4,3,41327,No,Yes,English,6am-9pm,Yes,No,Yes,Rarely
M0650,Grace Muthoni,50,Female,University,28,4,104290,Yes,No,Swahili,6am-8pm,Yes,Yes,No,Daily
M0651,Ruth Maina,46,Male,Secondary,20,5,182203,Yes,No,English,10am-6pm,No,No,No,Weekly
M0652,Margaret Omondi,62,Male,Secondary,27,3,17367,No,Yes,English,9am-8pm,No,No,Yes,Daily
M0653,Kevin Mohamed,43,Male,Primary,23,1,25302,No,Yes,Swahili,6am-5pm,Yes,Yes,Yes,Daily
M0654,Margaret Kigen,62,Male,Secondary,23,2,22113,Yes,Yes,English,8am-7pm,Yes,Yes,Yes,Daily
M0655,Rose Barasa,57,Female,University,5,2,54028,No,No,English,8am-8pm,No,No,Yes,Rarely
M0656,Elizabeth Ngetich,49,Male,University,14,3,58055,Yes,Yes,Swahili,8am-9pm,No,No,Yes,Daily
M0657,Walter Abdullahi,44,Female,Secondary,17,5,191622,Yes,Yes,Swahili,9am-7pm,No,No,Yes,Daily
M0658,Henry Nyambura,53,Female,Secondary,21,6,123877,Yes,Yes,English,9am-5pm,No,No,Yes,Daily
M0659,Priscilla Otieno,50,Female,Secondary,2,25,354040,Yes,Yes,English,5am-10pm,Yes,No,Yes,Daily
M0660,Njeri Chebet,53,Female,University,16,5,680288,Yes,No,Swahili,8am-7pm,Yes,No,No,Daily
M0661,Sarah Kimani,44,Male,Primary,13,1,49506,Yes,Yes,Swahili,7am-6pm,Yes,No,Yes,Daily
M0662,Yusuf Too,26,Male,University,2,1,31489,Yes,No,Swahili,8am-7pm,No,No,Yes,Weekly
M0663,Elizabeth Jepkosgei,35,Female,Primary,14,16,630453,Yes,No,Swahili,5am-8pm,Yes,Yes,Yes,Weekly
M0664,Dennis Maina,51,Male,University,16,2,42960,Yes,Yes,English,9am-7pm,No,No,Yes,Daily
M0665,Henry Wambui,48,Female,Primary,2,3,30169,Yes,Yes,Swahili,8am-9pm,Yes,Yes,Yes,Monthly
M0666,Henry Ruto,33,Male,Secondary,7,5,136496,Yes,Yes,Swahili,5am-7pm,Yes,Yes,Yes,Rarely
M0667,Walter Ruto,41,Male,Primary,12,8,161798,Yes,Yes,Swahili,10am-7pm,No,No,Yes,Daily
M0668,David Ngetich,51,Male,University,27,1,31538,Yes,No,Swahili,6am-8pm,Yes,No,No,Daily
M0669,Nancy Nyaga,58,Male,Secondary,17,6,168881,Yes,Yes,Swahili,6am-9pm,Yes,No,Yes,Daily
M0670,Ali Auma,61,Male,University,7,5,155394,Yes,No,English,8am-6pm,Yes,No,No,Daily
M0671,Priscilla Wanjiru,63,Female,Primary,20,16,220837,Yes,Yes,Swahili,8am-7pm,Yes,Yes,Yes,Daily
M0672,Lawrence Auma,59,Male,Secondary,24,5,73232,Yes,No,English,8am-9pm,Yes,Yes,Yes,Daily
M0673,Yvonne Chepkemoi,28,Male,University,9,2,29543,Yes,No,Swahili,8am-8pm,Yes,Yes,No,Daily
M0674,Sarah Kimani,49,Female,Secondary,15,4,76491,Yes,Yes,English,10am-7pm,No,No,No,Daily
M0675,George Muthoni,35,Female,Secondary,10,17,610052,Yes,Yes,Swahili,7am-8pm,Yes,Yes,Yes,Daily
M0676,Jacinta Chesang,39,Female,Secondary,1,4,60658,No,No,Swahili,7am-8pm,No,No,Yes,Daily
M0677,Dominic Onyango,24,Male,Secondary,4,5,151411,No,Yes,Swahili,6am-6pm,Yes,No,Yes,Rarely
M0678,Hassan Chepkemoi,28,Female,University,3,4,195709,Yes,Yes,Swahili,5am-8pm,Yes,No,No,Daily
M0679,Zachary Kamau,34,Male,University,12,7,129518,No,No,Swahili,5am-8pm,Yes,Yes,No,Daily
M0680,Irene Otieno,27,Female,Primary,8,2,27322,Yes,Yes,English,7am-5pm,No,No,Yes,Weekly
M0681,Simon Jepkosgei,56,Female,Primary,24,3,197078,Yes,Yes,English,7am-5pm,Yes,Yes,Yes,Daily
M0682,Philip Kibet,61,Female,Secondary,14,11,676395,Yes,Yes,Swahili,10am-9pm,Yes,No,No,Daily
M0683,Moses Adhiambo,59,Male,Secondary,9,2,19206,Yes,Yes,Swahili,7am-8pm,No,No,Yes,Monthly
M0684,Amina Kiptoo,26,Female,Secondary,8,3,27419,No,Yes,Swahili,6am-7pm,Yes,Yes,Yes,Weekly
M0685,Hassan Chebet,54,Female,Secondary,29,3,123245,No,Yes,Swahili,5am-8pm,Yes,Yes,Yes,Daily
M0686,Stephen Kibet,55,Female,University,23,6,185193,Yes,No,Swahili,9am-9pm,Yes,Yes,No,Weekly
M0687,Sarah Kigen,52,Male,University,26,8,649146,Yes,Yes,English,6am-5pm,Yes,Yes,Yes,Weekly
M0688,Charity Limo,61,Male,Primary,13,3,190043,No,Yes,Swahili,7am-6pm,Yes,Yes,Yes,Daily
M0689,Dominic Jepkosgei,60,Female,Secondary,22,8,53312,Yes,No,English,7am-7pm,Yes,No,No,Daily
M0690,Dennis Njoroge,54,Female,Secondary,22,2,18307,No,Yes,Swahili,9am-9pm,No,No,Yes,Daily
M0691,Brian Wanjiku,56,Female,Primary,3,4,125940,No,Yes,English,6am-9pm,No,No,Yes,Daily
M0692,Ruth Kamau,41,Female,Primary,3,4,85341,Yes,Yes,Swahili,5am-6pm,Yes,Yes,Yes,Weekly
M0693,Dennis Mutai,59,Male,Secondary,10,3,50220,Yes,No,Swahili,6am-9pm,Yes,Yes,Yes,Weekly
M0694,Brian Njoroge,31,Female,Secondary,6,17,683830,Yes,Yes,Swahili,8am-6pm,Yes,Yes,Yes,Weekly
M0695,Moses Sang,31,Female,University,4,6,133407,Yes,No,Swahili,9am-6pm,Yes,No,No,Daily
M0696,Fredrick Ngetich,28,Male,Secondary,7,2,29572,No,No,Swahili,7am-10pm,No,No,No,Weekly
M0697,Njeri Wanjiru,63,Female,Secondary,12,3,110152,Yes,Yes,English,6am-6pm,No,No,Yes,Daily
M0698,Sylvia Njoki,37,Female,Primary,11,12,632163,Yes,Yes,Swahili,10am-8pm,Yes,Yes,Yes,Daily
M0699,Nathan Owino,30,Male,University,4,3,108486,Yes,Yes,Swahili,9am-9pm,No,No,Yes,Daily
M0700,Esther Ochieng,49,Female,Secondary,15,17,410340,No,No,Swahili,7am-10pm,Yes,Yes,Yes,Daily
M0701,Moses Owino,57,Male,Primary,29,3,122809,Yes,No,Swahili,6am-7pm,Yes,Yes,No,Weekly
M0702,Olivia Otieno,35,Male,University,10,2,33433,No,Yes,Swahili,8am-7pm,Yes,Yes,Yes,Rarely
M0703,Mary Omondi,31,Male,Secondary,6,2,37681,Yes,Yes,Swahili,6am-10pm,No,No,Yes,Daily
M0704,Yusuf Mwangi,31,Female,Secondary,4,4,75389,Yes,Yes,Swahili,10am-6pm,Yes,Yes,Yes,Daily
M0705,Peter Njoki,30,Female,Primary,8,3,37637,Yes,No,Swahili,6am-10pm,Yes,No,No,Weekly
M0706,Yvonne Muthoni,47,Female,Secondary,21,2,50924,No,Yes,Swahili,9am-5pm,Yes,No,Yes,Daily
M0707,Samuel Wanjiku,37,Male,Secondary,8,3,51939,No,Yes,Swahili,9am-7pm,Yes,No,Yes,Monthly
M0708,Kezia Rotich,23,Male,Secondary,2,5,162754,Yes,Yes,English,7am-9pm,Yes,No,Yes,Daily
M0709,Julius Wanjiku,57,Male,Secondary,15,7,85304,Yes,Yes,Swahili,10am-7pm,No,No,Yes,Daily
M0710,Charity Abdullahi,32,Female,Secondary,10,1,39397,No,Yes,Swahili,9am-7pm,Yes,Yes,Yes,Daily
M0711,Stephen Kipchoge,59,Female,University,8,5,67017,Yes,Yes,Swahili,6am-7pm,Yes,No,Yes,Daily
M0712,Felix Njoroge,37,Male,Secondary,4,2,176702,Yes,No,Swahili,5am-8pm,No,No,Yes,Daily
M0713,Zipporah Mutai,23,Male,Primary,3,7,184180,Yes,Yes,Swahili,9am-7pm,Yes,Yes,Yes,Daily
M0714,Edith Ochieng,45,Female,Secondary,18,3,124540,Yes,Yes,English,7am-10pm,No,No,Yes,Monthly
M0715,Francis Barasa,51,Female,University,23,19,721761,Yes,No,Swahili,9am-6pm,Yes,Yes,No,Rarely
M0716,Stephen Njoroge,56,Female,University,22,1,53433,No,Yes,English,9am-9pm,No,No,Yes,Daily
M0717,Amina Mwangi,37,Female,Primary,13,6,84506,Yes,No,Swahili,7am-8pm,Yes,Yes,No,Daily
M0718,Joseph Rotich,26,Male,University,7,2,128955,Yes,Yes,English,7am-8pm,No,No,Yes,Weekly
M0719,Sarah Langat,47,Male,University,6,6,65286,Yes,No,Swahili,6am-6pm,Yes,Yes,No,Daily
M0720,Kevin Langat,35,Female,Secondary,3,2,53087,No,Yes,English,10am-9pm,No,No,Yes,Daily
M0721,Zipporah Rotich,40,Female,Secondary,16,7,183552,Yes,No,English,9am-6pm,No,No,No,Daily
M0722,Grace Too,37,Male,University,3,2,40627,No,Yes,Swahili,9am-10pm,Yes,Yes,Yes,Rarely
M0723,David Sang,41,Male,Secondary,19,2,123091,Yes,Yes,Swahili,5am-8pm,No,No,Yes,Daily
M0724,Daniel Wanjala,51,Male,Secondary,8,18,371886,No,No,English,6am-5pm,Yes,Yes,No,Monthly
M0725,Winnie Onyango,47,Female,Primary,10,2,71779,Yes,Yes,Swahili,10am-7pm,Yes,Yes,Yes,Weekly
M0726,Margaret Wairimu,58,Male,Secondary,6,24,593411,Yes,No,Swahili,6am-9pm,Yes,No,No,Monthly
M0727,Daniel Langat,43,Female,University,13,12,310101,Yes,Yes,English,7am-7pm,Yes,No,Yes,Weekly
M0728,Ali Maina,64,Male,University,24,4,94834,Yes,No,English,7am-10pm,Yes,Yes,Yes,Weekly
M0729,Robert Wambui,61,Male,University,3,4,173681,Yes,Yes,Swahili,9am-7pm,No,No,Yes,Rarely
M0730,Mary Ruto,30,Male,Secondary,4,6,165194,No,No,Swahili,7am-5pm,Yes,Yes,Yes,Daily
M0731,Lucy Kigen,42,Male,Secondary,11,3,181786,Yes,Yes,Swahili,7am-6pm,No,No,Yes,Daily
M0732,John Mohamed,33,Female,University,2,3,93477,No,No,English,8am-7pm,Yes,Yes,Yes,Rarely
M0733,Dennis Barasa,60,Male,University,2,15,695810,Yes,Yes,Swahili,7am-9pm,Yes,Yes,Yes,Monthly
M0734,Miriam Kipchoge,52,Female,University,10,6,192091,Yes,Yes,Swahili,5am-5pm,No,No,Yes,Daily
M0735,Kevin Kariuki,65,Female,Primary,8,4,181994,Yes,No,English,7am-8pm,Yes,No,No,Monthly
M0736,Eunice Mutua,57,Male,Secondary,11,8,67333,Yes,Yes,Swahili,6am-8pm,No,No,Yes,Monthly
M0737,James Too,60,Female,Secondary,24,2,29281,Yes,Yes,Swahili,7am-9pm,No,No,Yes,Monthly
M0738,Brian Kigen,37,Female,University,4,2,117489,Yes,Yes,English,7am-5pm,Yes,No,Yes,Weekly
M0739,Mary Sang,64,Male,Secondary,13,2,18793,Yes,Yes,Swahili,10am-7pm,No,No,Yes,Daily
M0740,Boniface Otieno,25,Male,Primary,3,7,747569,Yes,Yes,Swahili,7am-9pm,Yes,Yes,Yes,Weekly
M0741,Isaac Njoroge,36,Male,Secondary,2,3,45627,Yes,No,English,7am-8pm,Yes,Yes,Yes,Weekly
M0742,Daniel Chebet,42,Female,Secondary,17,6,139902,Yes,No,English,7am-8pm,No,No,No,Monthly
M0743,Lilian Omondi,47,Female,University,29,3,123568,No,No,Swahili,8am-10pm,Yes,Yes,No,Weekly
M0744,Paul Nyambura,54,Female,Primary,8,5,166962,Yes,Yes,Swahili,10am-7pm,Yes,Yes,Yes,Daily
M0745,Gloria Kimani,31,Male,Secondary,10,2,51090,Yes,Yes,Swahili,10am-5pm,No,No,Yes,Daily
M0746,Thomas Muthoni,65,Female,Secondary,21,3,97234,Yes,Yes,Swahili,7am-10pm,Yes,Yes,Yes,Monthly
M0747,Julius Wanjala,23,Male,Primary,3,8,332927,Yes,No,English,9am-9pm,Yes,Yes,No,Daily
M0748,Gloria Korir,55,Male,Secondary,23,7,372311,Yes,No,Swahili,6am-6pm,Yes,No,No,Daily
M0749,Michael Simiyu,54,Female,University,21,20,581301,Yes,Yes,English,7am-9pm,Yes,Yes,Yes,Daily
M0750,Zipporah Onyango,50,Female,University,6,2,36680,No,Yes,English,9am-6pm,Yes,No,Yes,Daily
M0751,Patrick Wekesa,30,Female,University,5,1,40675,Yes,Yes,Swahili,7am-10pm,Yes,No,Yes,Weekly
M0752,David Kimani,41,Male,University,7,1,29962,Yes,Yes,English,5am-7pm,Yes,Yes,Yes,Monthly
M0753,Philip Kipchoge,22,Male,Primary,3,4,150930,Yes,No,English,7am-9pm,No,No,No,Daily
M0754,Brian Ngetich,62,Female,University,14,1,50066,No,Yes,Swahili,7am-9pm,Yes,Yes,Yes,Daily
M0755,Michael Kimani,22,Female,Primary,2,3,193492,Yes,Yes,English,9am-6pm,No,No,Yes,Daily
M0756,Hassan Nyambura,36,Female,University,9,1,16125,No,Yes,Swahili,10am-10pm,Yes,Yes,No,Weekly
M0757,Ali Kamau,52,Male,University,23,7,113825,Yes,Yes,Swahili,5am-5pm,No,No,Yes,Daily
M0758,Lilian Kipchoge,57,Male,University,29,2,17187,No,No,English,8am-6pm,No,No,Yes,Monthly
M0759,Fredrick Wanjala,42,Female,University,9,3,44032,No,Yes,Swahili,7am-6pm,Yes,Yes,Yes,Daily
M0760,George Koskei,47,Female,Secondary,26,2,26411,No,No,English,7am-8pm,No,No,Yes,Weekly
M0761,Yusuf Wangari,45,Male,University,15,2,84011,Yes,Yes,Swahili,6am-7pm,No,No,Yes,Daily
M0762,Gloria Gitau,28,Female,Secondary,9,7,119148,Yes,Yes,Swahili,7am-5pm,No,No,Yes,Daily
M0763,Caroline Kibet,59,Male,University,17,3,36132,No,No,Swahili,9am-6pm,Yes,Yes,No,Daily
M0764,Winnie Kariuki,46,Female,Secondary,22,7,85884,Yes,No,English,10am-9pm,Yes,Yes,No,Daily
M0765,Lilian Bett,29,Male,Secondary,11,2,30081,No,Yes,Swahili,9am-5pm,No,No,Yes,Daily
M0766,Hassan Simiyu,41,Male,University,6,2,44279,No,Yes,Swahili,8am-6pm,Yes,Yes,Yes,Daily
M0767,Kevin Bett,46,Female,Secondary,19,21,637939,Yes,Yes,Swahili,9am-6pm,Yes,No,Yes,Rarely
M0768,Martin Ngetich,56,Female,University,11,6,76574,Yes,Yes,Swahili,6am-8pm,Yes,No,Yes,Monthly
M0769,Tabitha Wanjiru,42,Male,Secondary,15,5,172535,Yes,Yes,Swahili,8am-8pm,Yes,Yes,Yes,Daily
M0770,Winnie Mohamed,57,Female,Secondary,3,3,43607,No,Yes,Swahili,8am-7pm,Yes,Yes,Yes,Daily
M0771,Violet Maina,33,Male,Primary,7,2,52193,Yes,Yes,Swahili,9am-8pm,Yes,Yes,Yes,Daily
M0772,James Kipchoge,34,Female,Secondary,4,2,41914,No,Yes,Swahili,9am-8pm,No,No,No,Daily
M0773,Francis Kigen,23,Female,Secondary,2,6,689287,Yes,No,English,6am-6pm,Yes,Yes,No,Daily
M0774,Ann Koskei,30,Female,University,3,4,59940,Yes,Yes,English,7am-7pm,Yes,Yes,Yes,Daily
M0775,Julius Kimani,29,Female,Secondary,6,1,29918,Yes,No,Swahili,7am-9pm,No,No,Yes,Daily
M0776,Brian Njoki,48,Male,Primary,12,4,125136,No,No,Swahili,6am-8pm,Yes,No,Yes,Weekly
M0777,Tabitha Mohamed,23,Female,University,2,2,43861,No,Yes,Swahili,9am-6pm,Yes,Yes,Yes,Weekly
M0778,Elizabeth Bett,41,Female,University,16,7,112938,Yes,Yes,Swahili,5am-10pm,Yes,Yes,Yes,Rarely
M0779,Charity Bett,62,Male,Primary,24,3,35917,No,Yes,English,8am-6pm,Yes,No,Yes,Weekly
M0780,Jane Koskei,31,Male,Secondary,11,5,101926,Yes,Yes,Swahili,5am-7pm,Yes,No,Yes,Weekly
M0781,Elizabeth Wangari,53,Male,Secondary,6,2,38188,No,Yes,English,5am-6pm,No,No,Yes,Daily
M0782,Martin Kipchoge,34,Female,University,10,7,135658,Yes,Yes,Swahili,8am-6pm,Yes,Yes,Yes,Daily
M0783,Esther Kiptoo,22,Female,University,3,20,787933,Yes,Yes,English,6am-6pm,Yes,Yes,Yes,Weekly
M0784,Robert Chebet,24,Female,Secondary,3,1,45577,No,No,Swahili,8am-8pm,No,No,Yes,Rarely
M0785,Joseph Kimani,22,Female,University,1,2,43599,No,Yes,Swahili,10am-8pm,Yes,No,Yes,Monthly
M0786,Charity Wanjala,24,Female,Secondary,3,1,15339,No,No,Swahili,7am-7pm,Yes,Yes,Yes,Weekly
M0787,Paul Ruto,57,Female,Secondary,8,1,18056,Yes,Yes,Swahili,9am-10pm,Yes,Yes,No,Daily
M0788,Hellen Korir,37,Female,University,12,7,122939,Yes,Yes,Swahili,8am-8pm,No,No,Yes,Daily
M0789,Samuel Rotich,44,Female,Secondary,8,19,688543,Yes,Yes,Swahili,7am-8pm,Yes,Yes,Yes,Daily
M0790,Samuel Koech,24,Female,Secondary,6,2,20261,No,No,Swahili,9am-6pm,Yes,Yes,Yes,Daily
M0791,Hassan Nyaga,32,Female,University,7,17,566121,No,Yes,English,10am-5pm,Yes,Yes,Yes,Daily
M0792,Isaac Kamau,35,Male,University,8,17,455757,Yes,No,Swahili,6am-6pm,Yes,No,Yes,Daily
M0793,Elizabeth Kamau,55,Male,Secondary,4,3,20062,No,No,Swahili,10am-8pm,No,No,No,Daily
M0794,Yusuf Njoki,26,Female,University,7,2,37370,No,Yes,Swahili,8am-8pm,No,No,Yes,Daily
M0795,Philip Kiptoo,57,Female,University,8,6,138387,Yes,Yes,Swahili,7am-8pm,Yes,Yes,Yes,Weekly
M0796,Jacinta Chepkemoi,26,Male,Secondary,1,3,42403,Yes,Yes,English,6am-9pm,Yes,Yes,Yes,Monthly
M0797,Charity Nyaga,54,Female,Primary,23,3,135609,Yes,Yes,Swahili,5am-8pm,Yes,No,Yes,Daily
M0798,Olivia Kigen,51,Female,University,28,3,162249,Yes,Yes,Swahili,8am-10pm,Yes,Yes,Yes,Daily
M0799,Paul Langat,58,Male,Secondary,30,7,158253,Yes,Yes,Swahili,7am-7pm,No,No,Yes,Daily
M0800,Walter Korir,51,Female,Secondary,17,4,163166,Yes,Yes,English,5am-9pm,Yes,No,Yes,Daily
M0801,Jacinta Nyambura,24,Male,Secondary,4,6,133472,Yes,Yes,Swahili,5am-6pm,Yes,Yes,Yes,Daily
M0802,Sarah Kimani,63,Female,University,29,22,278447,No,No,English,7am-7pm,Yes,Yes,Yes,Monthly
M0803,Hellen Wanjiku,46,Male,Secondary,2,2,49109,No,Yes,Swahili,10am-9pm,Yes,Yes,Yes,Weekly
M0804,Lucy Auma,62,Male,Secondary,17,23,750607,Yes,Yes,Swahili,6am-5pm,Yes,No,Yes,Daily
M0805,Hassan Kigen,58,Female,University,21,1,24175,No,Yes,English,6am-6pm,No,No,Yes,Weekly
M0806,Irene Kariuki,34,Male,Secondary,10,2,18832,No,Yes,Swahili,9am-9pm,No,No,Yes,Monthly
M0807,Kevin Kariuki,45,Female,Primary,10,2,32470,No,Yes,Swahili,9am-7pm,Yes,No,Yes,Daily
M0808,Daniel Maina,58,Female,University,9,23,455934,Yes,Yes,Swahili,7am-8pm,Yes,Yes,Yes,Daily
M0809,Joseph Simiyu,57,Female,University,2,2,42116,Yes,No,Swahili,6am-9pm,No,No,No,Daily
M0810,Jane Maina,27,Male,Secondary,3,9,618772,Yes,Yes,Swahili,7am-5pm,Yes,No,Yes,Monthly
M0811,Caroline Mutua,36,Female,Secondary,11,8,164137,Yes,Yes,Swahili,9am-8pm,Yes,Yes,Yes,Weekly
M0812,Margaret Mwangi,48,Male,University,3,2,33718,No,Yes,Swahili,8am-7pm,No,No,Yes,Daily
M0813,Boniface Muthoni,55,Female,University,13,16,767492,Yes,No,Swahili,10am-6pm,Yes,Yes,No,Daily
M0814,Robert Jepkosgei,49,Male,Secondary,2,3,51648,No,No,English,6am-10pm,Yes,No,Yes,Daily
M0815,Ali Owino,51,Female,Secondary,25,5,108598,Yes,Yes,Swahili,8am-7pm,Yes,Yes,Yes,Daily
M0816,Thomas Kamau,58,Male,Secondary,10,3,45766,Yes,Yes,Swahili,8am-7pm,No,No,No,Rarely
M0817,Brian Njoroge,24,Female,University,2,3,52636,Yes,Yes,Swahili,6am-8pm,No,No,Yes,Daily
M0818,Victor Auma,60,Female,University,25,19,304913,Yes,No,Swahili,6am-6pm,Yes,No,No,Weekly
M0819,Tabitha Rotich,51,Female,University,13,12,285339,Yes,No,Swahili,7am-8pm,Yes,Yes,No,Rarely
M0820,Walter Akinyi,56,Male,Secondary,9,20,769351,Yes,Yes,Swahili,6am-6pm,Yes,Yes,Yes,Rarely
M0821,Rebecca Kipchoge,28,Male,University,9,1,17669,Yes,Yes,English,10am-8pm,Yes,No,Yes,Monthly
M0822,Lawrence Onyango,29,Male,Secondary,5,2,45987,Yes,Yes,English,8am-8pm,Yes,No,Yes,Daily
M0823,Tabitha Kariuki,40,Female,University,9,5,149722,Yes,Yes,Swahili,7am-10pm,Yes,Yes,Yes,Weekly
M0824,Nancy Too,50,Male,Primary,21,3,18618,Yes,Yes,English,7am-8pm,No,No,Yes,Rarely
M0825,Lawrence Chebet,52,Female,Secondary,13,5,192490,Yes,No,Swahili,6am-10pm,Yes,Yes,Yes,Monthly
M0826,Jacinta Koech,38,Male,University,7,4,72814,No,No,English,9am-8pm,Yes,No,Yes,Weekly
M0827,Margaret Abdullahi,63,Male,Secondary,28,7,85336,Yes,Yes,Swahili,10am-8pm,Yes,Yes,Yes,Daily
M0828,Priscilla Rotich,62,Female,University,13,3,28175,Yes,Yes,Swahili,9am-6pm,No,No,Yes,Weekly
M0829,Miriam Kariuki,64,Male,Primary,10,6,198482,Yes,Yes,English,7am-9pm,Yes,Yes,Yes,Monthly
M0830,Grace Otieno,51,Female,University,9,7,189060,Yes,Yes,English,7am-7pm,No,No,Yes,Weekly
M0831,Margaret Koech,49,Male,Primary,24,2,39045,Yes,Yes,Swahili,7am-8pm,No,No,Yes,Monthly
M0832,Tabitha Koskei,55,Male,Secondary,19,8,377795,Yes,Yes,Swahili,6am-7pm,Yes,Yes,Yes,Daily
M0833,Njeri Jepkosgei,25,Female,University,3,2,37811,Yes,Yes,English,7am-10pm,Yes,Yes,Yes,Monthly
M0834,Robert Koech,61,Male,University,20,8,169029,No,Yes,Swahili,5am-9pm,No,No,Yes,Daily
M0835,Ruth Wambui,36,Male,Secondary,7,2,41964,No,Yes,Swahili,7am-5pm,No,No,Yes,Weekly
M0836,Zipporah Sang,26,Male,Secondary,6,3,19091,Yes,Yes,English,5am-10pm,No,No,Yes,Weekly
M0837,Lucy Wanjiru,48,Male,Secondary,7,3,87330,Yes,Yes,Swahili,8am-5pm,No,No,Yes,Weekly
M0838,Rose Wambui,62,Female,Secondary,20,3,127434,Yes,No,Swahili,7am-8pm,No,No,No,Daily
M0839,Sylvia Korir,45,Male,University,26,2,32904,Yes,Yes,English,9am-6pm,No,No,Yes,Weekly
M0840,Zipporah Otieno,44,Male,Secondary,7,3,60850,No,No,Swahili,5am-9pm,Yes,No,Yes,Weekly
M0841,Ruth Wekesa,57,Female,Secondary,22,24,254482,Yes,Yes,Swahili,7am-5pm,Yes,Yes,Yes,Monthly
M0842,Michael Ngetich,26,Male,Secondary,1,2,16475,Yes,Yes,Swahili,6am-7pm,No,No,Yes,Weekly
M0843,Sarah Kamau,37,Female,Secondary,9,2,53803,Yes,No,English,7am-6pm,Yes,Yes,Yes,Daily
M0844,Francis Otieno,37,Male,Primary,11,5,141057,No,No,Swahili,9am-9pm,Yes,Yes,Yes,Daily
M0845,Boniface Kigen,64,Female,Secondary,15,3,37597,Yes,Yes,English,10am-10pm,No,No,Yes,Monthly
M0846,Daniel Nyambura,54,Male,Secondary,20,2,33160,Yes,No,English,6am-5pm,Yes,Yes,Yes,Weekly
M0847,Kevin Ochieng,57,Male,University,20,3,174317,Yes,Yes,Swahili,10am-6pm,No,No,Yes,Daily
M0848,Martin Nyaga,37,Male,Secondary,17,2,46027,No,Yes,English,7am-5pm,No,No,Yes,Weekly
M0849,Julius Kigen,42,Male,University,16,19,435198,Yes,No,Swahili,9am-8pm,Yes,Yes,No,Rarely
M0850,Miriam Mutua,39,Male,Secondary,9,2,62754,Yes,Yes,Swahili,9am-9pm,No,No,Yes,Daily
M0851,Michael Chesang,48,Female,Secondary,18,3,105923,Yes,Yes,Swahili,8am-7pm,Yes,Yes,Yes,Rarely
M0852,Walter Rotich,31,Female,Secondary,1,3,49612,No,Yes,English,9am-6pm,No,No,Yes,Rarely
M0853,Ali Kamau,39,Male,Secondary,16,5,128945,Yes,Yes,Swahili,9am-7pm,Yes,Yes,Yes,Weekly
M0854,Caroline Barasa,59,Male,Secondary,18,3,86137,No,No,Swahili,6am-6pm,Yes,Yes,Yes,Weekly
M0855,Nathan Otieno,23,Male,Primary,2,4,92689,Yes,Yes,English,7am-8pm,Yes,Yes,Yes,Monthly
M0856,Boniface Njoki,37,Female,University,12,10,688946,Yes,Yes,English,9am-9pm,Yes,No,Yes,Daily
M0857,Brian Barasa,43,Male,Secondary,8,4,71534,Yes,Yes,English,10am-10pm,Yes,Yes,Yes,Daily
M0858,Michael Chesang,32,Male,University,3,4,115146,Yes,Yes,English,8am-9pm,Yes,Yes,Yes,Daily
M0859,Richard Njoroge,42,Female,Secondary,23,7,55539,Yes,Yes,Swahili,9am-5pm,No,No,Yes,Daily
M0860,Nancy Owino,30,Male,Secondary,4,22,650703,Yes,Yes,Swahili,8am-8pm,Yes,Yes,Yes,Weekly
M0861,Robert Kipchoge,50,Male,University,28,5,76923,Yes,No,English,9am-9pm,Yes,No,Yes,Daily
M0862,Edith Kiptoo,65,Female,University,30,5,181674,Yes,Yes,Swahili,9am-7pm,Yes,Yes,Yes,Daily
M0863,Edith Wangari,44,Male,Secondary,24,2,20812,No,Yes,Swahili,6am-5pm,Yes,Yes,Yes,Daily
M0864,Julius Wanjala,22,Male,University,3,1,40317,Yes,Yes,Swahili,10am-6pm,Yes,Yes,Yes,Weekly
M0865,Njeri Chebet,64,Female,Primary,4,6,621173,Yes,No,Swahili,8am-6pm,Yes,Yes,No,Monthly
M0866,Henry Kariuki,39,Male,University,11,5,138503,Yes,Yes,Swahili,6am-5pm,No,No,Yes,Daily
M0867,Ann Korir,43,Female,Secondary,16,7,341945,Yes,Yes,Swahili,6am-5pm,Yes,No,Yes,Rarely
M0868,Violet Njoroge,64,Female,Secondary,19,1,43209,Yes,Yes,Swahili,7am-10pm,No,No,Yes,Weekly
M0869,Rose Auma,56,Female,Primary,6,7,164197,Yes,Yes,Swahili,6am-6pm,Yes,Yes,Yes,Daily
M0870,Samuel Wambui,44,Male,University,12,14,371990,Yes,Yes,Swahili,7am-9pm,Yes,Yes,Yes,Daily
M0871,Eunice Njoroge,25,Male,University,3,6,433180,No,Yes,Swahili,6am-9pm,Yes,Yes,Yes,Daily
M0872,Felix Kiptoo,25,Female,Secondary,2,24,551400,Yes,Yes,Swahili,9am-8pm,Yes,Yes,Yes,Daily
M0873,Jane Mutua,48,Female,Secondary,16,4,83794,No,No,Swahili,7am-9pm,Yes,No,No,Daily
M0874,Yusuf Kariuki,23,Male,Secondary,3,2,53845,No,Yes,English,8am-8pm,Yes,No,Yes,Daily
M0875,Thomas Njoki,54,Female,University,28,7,184335,Yes,No,Swahili,6am-6pm,Yes,No,Yes,Daily
M0876,Julius Gitau,26,Male,Secondary,6,7,105801,Yes,Yes,English,8am-5pm,Yes,Yes,Yes,Daily
M0877,Daniel Wanjiku,48,Male,University,19,7,59819,Yes,Yes,Swahili,6am-7pm,Yes,Yes,Yes,Weekly
M0878,Eunice Omondi,63,Female,University,27,6,166949,Yes,No,Swahili,6am-8pm,Yes,Yes,No,Rarely
M0879,Nathan Mutai,53,Female,Primary,21,2,42119,No,Yes,Swahili,6am-10pm,No,No,Yes,Weekly
M0880,Lawrence Owino,54,Female,University,28,2,20531,No,Yes,Swahili,7am-6pm,Yes,Yes,Yes,Monthly
M0881,Ruth Simiyu,25,Female,University,4,24,580572,Yes,Yes,English,6am-9pm,Yes,Yes,No,Weekly
M0882,Esther Njoki,31,Female,Secondary,4,2,40139,No,Yes,Swahili,7am-9pm,Yes,Yes,Yes,Monthly
M0883,Moses Wanjala,55,Male,University,19,2,168371,Yes,No,English,5am-10pm,Yes,Yes,Yes,Weekly
M0884,Walter Nyaga,53,Male,Secondary,22,9,772222,Yes,Yes,English,8am-8pm,Yes,Yes,Yes,Daily
M0885,Lilian Koskei,35,Female,Primary,7,1,38823,Yes,No,Swahili,8am-10pm,Yes,Yes,Yes,Daily
M0886,Kezia Kamau,64,Female,Secondary,26,6,119712,Yes,No,English,5am-9pm,Yes,Yes,Yes,Daily
M0887,Olivia Gitau,38,Female,University,2,3,143154,No,No,Swahili,7am-9pm,Yes,Yes,No,Daily
M0888,Caroline Barasa,28,Female,Secondary,10,7,195331,Yes,Yes,Swahili,6am-8pm,No,No,Yes,Monthly
M0889,Miriam Ochieng,36,Male,Secondary,3,7,194268,Yes,Yes,Swahili,8am-7pm,Yes,No,Yes,Daily
M0890,Margaret Kipchoge,27,Male,University,7,20,450030,Yes,No,Swahili,6am-8pm,Yes,Yes,No,Daily
M0891,Priscilla Adhiambo,55,Male,Secondary,15,2,49244,No,Yes,English,6am-5pm,No,No,Yes,Daily
M0892,Ali Chebet,60,Male,Secondary,4,10,569853,Yes,Yes,Swahili,7am-5pm,Yes,Yes,Yes,Weekly
M0893,Martin Ochieng,64,Female,University,28,4,171943,Yes,No,English,5am-5pm,Yes,No,No,Daily
M0894,Sylvia Chepkemoi,49,Female,University,7,20,283507,Yes,Yes,English,6am-7pm,Yes,Yes,Yes,Rarely
M0895,Rose Sang,40,Male,Secondary,19,4,136810,Yes,No,English,8am-9pm,Yes,No,No,Weekly
M0896,Michael Muthoni,35,Male,Primary,15,18,726543,Yes,Yes,Swahili,10am-7pm,Yes,Yes,Yes,Weekly
M0897,James Koech,62,Male,University,15,1,21488,Yes,Yes,English,6am-6pm,No,No,Yes,Daily
M0898,Lilian Wangari,27,Male,Secondary,5,6,186562,Yes,Yes,English,6am-6pm,Yes,No,Yes,Daily
M0899,Aisha Sang,50,Male,Secondary,5,15,641512,Yes,Yes,Swahili,6am-5pm,Yes,Yes,Yes,Monthly
M0900,Eunice Too,47,Female,Secondary,8,2,26956,No,No,English,8am-9pm,Yes,Yes,Yes,Rarely
M0901,David Kimani,54,Male,University,22,5,92942,Yes,Yes,Swahili,7am-10pm,No,No,Yes,Daily
M0902,Yusuf Gitau,35,Male,Secondary,13,2,84853,Yes,Yes,English,10am-8pm,Yes,Yes,Yes,Daily
M0903,Felix Chesang,49,Male,University,8,2,51080,Yes,Yes,English,8am-6pm,No,No,Yes,Daily
M0904,Gloria Korir,48,Female,Secondary,7,2,20204,No,Yes,Swahili,6am-8pm,Yes,Yes,Yes,Monthly
M0905,Peter Chesang,56,Female,Secondary,8,8,171160,No,No,Swahili,7am-7pm,No,No,Yes,Weekly
M0906,Zipporah Wanjala,63,Male,Secondary,13,3,113312,No,No,Swahili,8am-6pm,No,No,Yes,Daily
M0907,Rebecca Njoki,35,Male,Secondary,17,2,36859,No,No,Swahili,5am-7pm,Yes,Yes,No,Monthly
M0908,Oscar Koskei,58,Female,Secondary,19,7,110174,Yes,Yes,Swahili,6am-8pm,Yes,Yes,Yes,Daily
M0909,Lilian Njoroge,64,Female,University,24,5,195507,Yes,Yes,English,9am-8pm,Yes,No,Yes,Daily
M0910,Thomas Njoroge,39,Female,University,8,3,43233,No,Yes,English,7am-10pm,Yes,Yes,Yes,Daily
M0911,Grace Langat,25,Female,University,4,3,147013,Yes,No,Swahili,8am-9pm,Yes,Yes,No,Daily
M0912,Miriam Kiptoo,25,Female,Secondary,1,2,37977,Yes,No,Swahili,10am-6pm,Yes,No,Yes,Daily
M0913,Jacinta Limo,26,Female,University,5,11,476786,Yes,Yes,English,6am-9pm,Yes,Yes,Yes,Daily
M0914,Ann Nyambura,47,Male,Primary,13,4,131936,Yes,Yes,English,9am-9pm,No,No,Yes,Daily
M0915,Miriam Kipchoge,33,Female,Secondary,2,7,172021,Yes,No,Swahili,6am-10pm,No,No,No,Daily
M0916,Rebecca Langat,24,Male,University,5,4,127587,Yes,No,Swahili,7am-6pm,No,No,No,Daily
M0917,Priscilla Limo,23,Female,University,3,2,49038,Yes,Yes,Swahili,8am-9pm,Yes,No,Yes,Daily
M0918,Winnie Kibet,45,Male,University,17,4,144620,Yes,Yes,Swahili,6am-8pm,Yes,No,Yes,Daily
M0919,Violet Too,29,Male,University,10,19,215405,Yes,Yes,Swahili,6am-9pm,Yes,Yes,Yes,Weekly
M0920,Simon Kibet,42,Female,Secondary,5,7,519257,Yes,Yes,Swahili,8am-8pm,Yes,Yes,Yes,Daily
M0921,Nathan Ruto,49,Female,University,16,3,30905,Yes,Yes,English,8am-7pm,Yes,No,Yes,Daily
M0922,Thomas Mutua,43,Male,University,17,1,46614,No,Yes,Swahili,9am-5pm,Yes,No,Yes,Daily
M0923,Henry Chepkemoi,30,Male,Secondary,11,5,134829,Yes,Yes,English,9am-7pm,Yes,Yes,Yes,Weekly
M0924,Yusuf Too,65,Female,Primary,11,6,171167,Yes,No,Swahili,8am-7pm,No,No,Yes,Daily
M0925,Daniel Kigen,23,Female,Secondary,2,4,170072,No,Yes,English,7am-9pm,Yes,Yes,Yes,Weekly
M0926,Kevin Gitau,56,Female,Secondary,9,2,39371,No,No,Swahili,9am-6pm,Yes,Yes,Yes,Monthly
M0927,Francis Kiptoo,32,Male,University,6,2,31447,No,Yes,English,8am-8pm,No,No,No,Monthly
M0928,Kezia Too,32,Male,Secondary,9,2,43849,No,No,English,8am-7pm,No,No,No,Daily
M0929,Victor Adhiambo,65,Male,Secondary,6,3,36282,No,Yes,Swahili,9am-7pm,No,No,Yes,Rarely
M0930,Robert Adhiambo,24,Female,Primary,2,23,515695,Yes,Yes,Swahili,6am-6pm,Yes,No,Yes,Monthly
M0931,Edith Ochieng,64,Male,University,7,2,30949,No,Yes,English,5am-6pm,No,No,Yes,Daily
M0932,Elizabeth Njoki,34,Female,Primary,2,15,277645,Yes,Yes,Swahili,8am-10pm,Yes,Yes,Yes,Daily
M0933,Ann Owino,51,Male,Primary,24,7,82575,Yes,Yes,Swahili,10am-9pm,Yes,Yes,Yes,Rarely
M0934,John Kibet,38,Female,Secondary,17,16,712173,Yes,Yes,Swahili,5am-8pm,Yes,Yes,Yes,Weekly
M0935,Samuel Muthoni,38,Female,Secondary,10,22,454862,No,Yes,Swahili,5am-9pm,Yes,No,Yes,Daily
M0936,Moses Mutai,29,Female,Primary,8,2,45839,No,Yes,English,8am-8pm,No,No,Yes,Weekly
M0937,Njeri Korir,52,Male,University,26,5,187713,Yes,No,English,5am-7pm,Yes,Yes,Yes,Daily
M0938,Mary Wanjala,51,Male,Secondary,18,6,157942,Yes,Yes,Swahili,5am-6pm,No,No,Yes,Daily
M0939,Thomas Abdullahi,46,Male,Primary,5,2,102176,Yes,Yes,Swahili,8am-8pm,Yes,No,Yes,Daily
M0940,Jacinta Auma,28,Male,Secondary,7,14,696116,Yes,Yes,Swahili,7am-8pm,Yes,No,No,Daily
M0941,Zachary Kiptoo,29,Male,University,7,4,126219,Yes,Yes,English,6am-7pm,No,No,Yes,Daily
M0942,Violet Owino,35,Female,University,10,5,716440,No,No,English,6am-6pm,Yes,No,Yes,Daily
M0943,Zachary Chebet,23,Female,Secondary,2,5,191392,Yes,No,Swahili,10am-9pm,Yes,Yes,Yes,Rarely
M0944,Felix Ochieng,29,Female,Secondary,7,14,471131,Yes,Yes,Swahili,9am-9pm,Yes,No,Yes,Daily
M0945,Paul Barasa,53,Female,Primary,28,5,130632,Yes,Yes,English,10am-6pm,No,No,Yes,Rarely
M0946,Michael Njoki,42,Male,University,21,7,110338,Yes,Yes,English,10am-6pm,No,No,Yes,Daily
M0947,Zipporah Sang,53,Male,Secondary,13,19,508440,Yes,Yes,English,10am-8pm,Yes,Yes,Yes,Monthly
M0948,Francis Kibet,54,Male,Primary,6,5,158509,Yes,Yes,Swahili,7am-9pm,No,No,Yes,Weekly
M0949,Olivia Muthoni,35,Female,University,5,2,43726,No,Yes,English,5am-9pm,No,No,Yes,Weekly
M0950,Mary Chesang,24,Male,Secondary,4,11,361077,Yes,No,English,8am-7pm,Yes,Yes,No,Daily
M0951,Stephen Omondi,59,Male,Primary,18,5,190786,Yes,Yes,Swahili,9am-6pm,No,No,Yes,Daily
M0952,Elizabeth Wanjiru,61,Female,Secondary,25,5,196522,Yes,No,Swahili,6am-7pm,Yes,Yes,No,Daily
M0953,Patrick Gitau,49,Female,University,11,7,191495,No,No,English,5am-5pm,Yes,Yes,Yes,Daily
M0954,Ruth Mwangi,47,Male,Secondary,22,24,739134,Yes,Yes,Swahili,8am-9pm,Yes,Yes,Yes,Rarely
M0955,Edith Nyaga,42,Female,University,19,3,24140,Yes,No,English,8am-7pm,Yes,Yes,Yes,Daily
M0956,Isaac Chesang,28,Male,Secondary,9,5,116321,Yes,Yes,Swahili,9am-6pm,Yes,No,Yes,Daily
M0957,Jane Ruto,25,Male,Secondary,5,1,49306,No,Yes,Swahili,6am-9pm,Yes,No,Yes,Weekly
M0958,Winnie Abdullahi,52,Female,Primary,13,2,42134,Yes,Yes,Swahili,9am-6pm,No,No,Yes,Daily
M0959,David Wanjiru,60,Male,University,3,17,559946,Yes,Yes,Swahili,7am-9pm,Yes,No,Yes,Monthly
M0960,David Chesang,32,Male,Secondary,4,12,202047,Yes,Yes,Swahili,10am-8pm,Yes,Yes,Yes,Monthly
M0961,Lilian Langat,55,Female,University,16,1,21530,No,No,English,8am-7pm,No,No,Yes,Monthly
M0962,Caroline Njoki,30,Female,University,8,5,69044,Yes,Yes,Swahili,5am-5pm,No,No,Yes,Weekly
M0963,Edith Rotich,59,Female,Primary,9,25,632853,Yes,Yes,English,9am-6pm,Yes,Yes,Yes,Monthly
M0964,Jane Korir,48,Male,Secondary,3,21,294823,Yes,Yes,Swahili,9am-8pm,Yes,No,Yes,Weekly
M0965,Caroline Kigen,45,Male,University,2,10,309990,Yes,Yes,Swahili,6am-8pm,Yes,Yes,Yes,Rarely
M0966,Philip Kimani,29,Male,University,11,3,32688,No,Yes,Swahili,10am-9pm,No,No,Yes,Monthly
M0967,Paul Chepkemoi,31,Female,Secondary,1,12,233759,Yes,Yes,Swahili,6am-8pm,Yes,No,Yes,Daily
M0968,David Muthoni,59,Female,University,27,17,458161,No,No,Swahili,6am-7pm,Yes,Yes,Yes,Daily
M0969,Patrick Kigen,42,Male,Secondary,9,2,43189,Yes,Yes,English,5am-9pm,No,No,No,Daily
M0970,Olivia Kiptoo,60,Female,University,28,20,565988,Yes,Yes,Swahili,7am-9pm,Yes,Yes,Yes,Weekly
M0971,Sarah Wanjiru,57,Female,Primary,26,10,430093,Yes,Yes,Swahili,6am-7pm,Yes,Yes,Yes,Weekly
M0972,David Omondi,59,Male,Secondary,19,5,92366,No,No,Swahili,9am-7pm,Yes,No,Yes,Daily
M0973,Moses Kipchoge,55,Female,University,25,2,50557,No,Yes,Swahili,8am-8pm,No,No,Yes,Weekly
M0974,Njeri Chepkemoi,22,Female,Secondary,4,13,776142,Yes,Yes,English,6am-6pm,Yes,No,Yes,Daily
M0975,Miriam Koech,50,Female,University,13,6,143986,Yes,Yes,Swahili,8am-9pm,No,No,Yes,Daily
M0976,Eunice Nyambura,34,Female,Secondary,16,24,386250,Yes,Yes,Swahili,6am-6pm,Yes,Yes,No,Daily
M0977,George Mwangi,49,Female,University,16,5,118979,Yes,Yes,English,6am-7pm,No,No,Yes,Daily
M0978,Felix Onyango,23,Male,Primary,5,2,35203,No,Yes,Swahili,7am-9pm,Yes,No,Yes,Rarely
M0979,Samuel Sang,50,Female,University,29,2,20671,Yes,No,Swahili,6am-7pm,Yes,No,Yes,Daily
M0980,Peter Mwangi,48,Female,Secondary,23,3,126582,Yes,Yes,Swahili,8am-9pm,No,No,Yes,Monthly
M0981,Robert Too,53,Male,University,6,2,42904,Yes,Yes,English,9am-8pm,Yes,Yes,Yes,Weekly
M0982,Margaret Muthoni,24,Female,University,5,2,16852,No,Yes,English,8am-5pm,Yes,Yes,Yes,Rarely
M0983,Hellen Mohamed,29,Female,Secondary,7,3,136925,Yes,Yes,English,5am-6pm,Yes,Yes,Yes,Daily
M0984,John Mwangi,57,Female,University,22,3,144830,Yes,No,Swahili,9am-8pm,Yes,No,No,Daily
M0985,Felix Njoroge,34,Male,University,4,2,18317,No,No,Swahili,6am-7pm,Yes,Yes,Yes,Rarely
M0986,Felix Ruto,52,Male,University,7,6,82708,Yes,Yes,Swahili,5am-9pm,Yes,No,Yes,Rarely
M0987,Lawrence Koskei,36,Male,Secondary,11,1,28380,No,No,English,7am-6pm,Yes,No,Yes,Daily
M0988,Moses Chebet,63,Male,Secondary,7,7,76357,Yes,Yes,Swahili,7am-10pm,Yes,No,No,Daily
M0989,Charity Njoki,61,Male,Primary,16,5,134365,Yes,Yes,Swahili,7am-9pm,No,No,Yes,Daily
M0990,Mary Maina,56,Male,University,21,1,39498,Yes,Yes,English,6am-10pm,No,No,Yes,Daily
M0991,Victor Wanjiku,29,Male,Secondary,9,2,94480,Yes,Yes,Swahili,7am-10pm,No,No,Yes,Weekly
M0992,Hassan Owino,33,Female,Secondary,2,6,61573,No,No,English,9am-9pm,No,No,Yes,Weekly
M0993,Jane Mwangi,25,Female,Primary,3,5,119967,Yes,Yes,Swahili,8am-7pm,No,No,Yes,Daily
M0994,Hellen Wairimu,62,Female,Primary,20,3,22468,No,Yes,English,9am-8pm,No,No,Yes,Daily
M0995,Boniface Barasa,42,Female,Secondary,15,12,673921,Yes,No,Swahili,6am-6pm,Yes,Yes,No,Weekly
M0996,Moses Simiyu,42,Female,University,11,7,159442,Yes,Yes,English,9am-8pm,Yes,No,Yes,Monthly
M0997,Felix Mutua,56,Male,Secondary,29,4,116591,No,Yes,English,7am-6pm,Yes,Yes,Yes,Daily
M0998,Simon Wambui,37,Female,Secondary,10,3,20263,No,Yes,Swahili,5am-8pm,No,No,Yes,Weekly
M0999,Paul Owino,48,Male,University,24,5,172384,Yes,Yes,English,8am-8pm,Yes,No,Yes,Daily
M1000,Violet Njoroge,34,Female,University,5,2,38210,No,No,Swahili,9am-8pm,No,No,Yes,Weekly